"0",""
"0","df <- df %>%"
"0","  mutate(parentcontact = case_when("
"0","    parents == ""Neither one"" ~ ""Neither one"","
"0","    momtalk == ""Yes"" ~ ""Mother only"","
"0","    dadtalk == ""Yes"" ~ ""Father only"","
"0","    parentstalk == ""Both"" ~ ""Both"","
"0","    parentstalk == ""Father only"" ~ ""Father only"","
"0","    parentstalk == ""Mother only"" ~ ""Mother only"","
"0","    parentstalk == ""Neither one"" ~ ""Neither one"","
"0","    TRUE ~ ""Neither one"")) "
"0",""
"0","df$parentcontact <- as.factor(df$parentcontact)"
"0","df$parentcontact <- relevel(df$parentcontact, ref = ""Both"")"
"0",""
