"0",""
"0",""
"0","# Get the correlation function:"
"0",""
"0","# x is a matrix containing the data"
"0","# method : correlation method. ""pearson"""" or ""spearman"""" is supported"
"0","# removeTriangle : remove upper or lower triangle"
"0","# results :  if ""html"" or ""latex"""
"0","  # the results will be displayed in html or latex format"
"0","corstars <-function(x, method=c(""pearson"", ""spearman""), removeTriangle=c(""upper"", ""lower""),"
"0","                     result=c(""none"", ""html"", ""latex"")){"
"0","    #Compute correlation matrix"
"0","    require(Hmisc)"
"0","    x <- as.matrix(x)"
"0","    correlation_matrix<-rcorr(x, type=method[1])"
"0","    R <- correlation_matrix$r # Matrix of correlation coeficients"
"0","    p <- correlation_matrix$P # Matrix of p-value "
"0","    "
"0","    ## Define notions for significance levels; spacing is important."
"0","    mystars <- ifelse(p < .0001, ""****"", ifelse(p < .001, ""*** "", ifelse(p < .01, ""**  "", ifelse(p < .05, ""*   "", ""    ""))))"
"0","    "
"0","    ## trunctuate the correlation matrix to two decimal"
"0","    R <- format(round(cbind(rep(-1.11, ncol(x)), R), 2))[,-1]"
"0","    "
"0","    ## build a new matrix that includes the correlations with their apropriate stars"
"0","    Rnew <- matrix(paste(R, mystars, sep=""""), ncol=ncol(x))"
"0","    diag(Rnew) <- paste(diag(R), "" "", sep="""")"
"0","    rownames(Rnew) <- colnames(x)"
"0","    colnames(Rnew) <- paste(colnames(x), """", sep="""")"
"0","    "
"0","    ## remove upper triangle of correlation matrix"
"0","    if(removeTriangle[1]==""upper""){"
"0","      Rnew <- as.matrix(Rnew)"
"0","      Rnew[upper.tri(Rnew, diag = TRUE)] <- """""
"0","      Rnew <- as.data.frame(Rnew)"
"0","    }"
"0","    "
"0","    ## remove lower triangle of correlation matrix"
"0","    else if(removeTriangle[1]==""lower""){"
"0","      Rnew <- as.matrix(Rnew)"
"0","      Rnew[lower.tri(Rnew, diag = TRUE)] <- """""
"0","      Rnew <- as.data.frame(Rnew)"
"0","    }"
"0","    "
"0","    ## remove last column and return the correlation matrix"
"0","    Rnew <- cbind(Rnew[1:length(Rnew)-1])"
"0","    if (result[1]==""none"") return(Rnew)"
"0","    else{"
"0","      if(result[1]==""html"") print(xtable(Rnew), type=""html"")"
"0","      else print(xtable(Rnew), type=""latex"") "
"0","    }"
"0","} "
"0",""
"0",""
