"0",""
"0","# Get a single object with ""who is the other"" by gender:"
"0",""
"0","othm <- m.othersum"
"0","othm$gender <- c(rep(""Men"",7))"
"0",""
"0",""
"0","othw <- f.othersum"
"0","othw$gender <- c(rep(""Women"",7))"
"0",""
"0","others <- rbind(othm, othw)"
"0","others$gender <- as.factor(others$gender)"
"0","others$gender <- relevel(others$gender, ref = ""Women"")"
"0",""
"0",""
"0",""
"0","others$key[c(2,3,9,10)] <- c(""***child"", ""***other relative"", ""***child"", ""***other relative"")"
"0",""
"0","sgraph5 <- ggplot(data = others, aes(x = gender, y = per, group = key)) +"
"0","  geom_line(aes(color = key), size = 2) +"
"0","  geom_point(aes(color = key), size = 4) +"
"0","  geom_text_repel(data = others %>% filter(gender == ""Women""), "
"0","                  aes(label = paste0(key, "" - "", per, ""%"")) , "
"0","                  hjust = 1.35, "
"0","                  fontface = ""bold"", "
"0","                  size = 4,"
"0","                  nudge_x = -.45,"
"0","                  direction = ""y"") +"
"0","  geom_text_repel(data = others %>% filter(gender == ""Men""), "
"0","                  aes(label = paste0(key, "" - "", per, ""%"")) , "
"0","                  hjust = -.35, "
"0","                  fontface = ""bold"", "
"0","                  size = 4,"
"0","                  nudge_x = 0.5,"
"0","                  direction = ""y"") +"
"0","  theme_bw() +"
"0","  labs(y = ""% of Positive Responses"","
"0","       x = ""Sex"") +"
"0","  scale_x_discrete(position = ""top"") +"
"0","  scale_y_continuous(breaks = seq(0,30,2), limits = c(0,38)) + "
"0","  theme(plot.title = element_text(hjust = 0.5)) +"
"0","  theme(panel.border     = element_blank()) +"
"0","  theme(legend.position = ""none"") +"
"0","  theme(axis.title.y     = element_blank()) +"
"0","  theme(axis.text.y      = element_blank()) +"
"0","  theme(panel.grid.major.y = element_blank()) +"
"0","  theme(panel.grid.minor.y = element_blank()) +"
"0","  # Remove a few things from the x axis and increase font size"
"0","  theme(axis.title.x     = element_blank()) +"
"0","  theme(panel.grid.major.x = element_blank()) +"
"0","  theme(axis.text.x.top      = element_text(size=12)) +"
"0","  # Remove x & y tick marks"
"0","  theme(axis.ticks       = element_blank()) +"
"0","  geom_signif(comparisons = list(c(""Women"", ""Men"")), "
"0","              map_signif_level=TRUE, tip_length = 0.025,"
"0","              textsize = 5, annotations = c(""p = 0.00001""),"
"0","              y_position = c(35))"
"0","sgraph5"
