"0",""
"0",""
"0","dff.job <- cbind.data.frame(dff$utjobwho_Your_spouse , dff$utjobwho_Your_child , dff$utjobwho_Other_relative , dff$utjobwho_Close_friend , dff$utjobwho_Your_parents , dff$utjobwho_Your_sibling , dff$utjobwho_Your_grandchild)"
"0","x <- c(""spouse"", ""child"", ""other relative"", ""close friend"", ""parents"", ""sibling"", ""grandchild"")"
"0","colnames(dff.job) <- x"
"0","dff.job.tot <- apply(dff.job, 2, sum)"
"0",""
"0",""
"0",""
"0","dff.police <- cbind.data.frame(dff$utpolicewho_Your_spouse , dff$utpolicewho_Your_child , dff$utpolicewho_Other_relative , dff$utpolicewho_Close_friend , dff$utpolicewho_Your_parents , dff$utpolicewho_Your_sibling , dff$utpolicewho_Your_grandchild)"
"0","x <- c(""spouse"", ""child"", ""other relative"", ""close friend"", ""parents"", ""sibling"", ""grandchild"")"
"0","colnames(dff.police) <- x"
"0","dff.police.tot <- apply(dff.police, 2, sum)"
"0",""
"0",""
"0",""
"0","dff.courts <- cbind.data.frame(dff$utcourtswho_Your_spouse , dff$utcourtswho_Your_child , dff$utcourtswho_Other_relative , dff$utcourtswho_Close_friend , dff$utcourtswho_Your_parents , dff$utcourtswho_Your_sibling , dff$utcourtswho_Your_grandchild)"
"0","x <- c(""spouse"", ""child"", ""other relative"", ""close friend"", ""parents"", ""sibling"", ""grandchild"")"
"0","colnames(dff.courts) <- x"
"0","dff.courts.tot <- apply(dff.courts, 2, sum)"
"0",""
"0",""
"0",""
"0","dff.school <- cbind.data.frame(dff$utschoolwho_Your_spouse , dff$utschoolwho_Your_child , dff$utschoolwho_Other_relative , dff$utschoolwho_Close_friend , dff$utschoolwho_Your_parents , dff$utschoolwho_Your_sibling , dff$utschoolwho_Your_grandchild)"
"0","x <- c(""spouse"", ""child"", ""other relative"", ""close friend"", ""parents"", ""sibling"", ""grandchild"")"
"0","colnames(dff.school) <- x"
"0","dff.school.tot <- apply(dff.school, 2, sum)"
"0",""
"0",""
"0",""
"0","dff.housing <- cbind.data.frame(dff$uthousewho_Your_spouse , dff$uthousewho_Your_child , dff$uthousewho_Other_relative , dff$uthousewho_Close_friend , dff$uthousewho_Your_parents , dff$uthousewho_Your_sibling , dff$uthousewho_Your_grandchild)"
"0","x <- c(""spouse"", ""child"", ""other relative"", ""close friend"", ""parents"", ""sibling"", ""grandchild"")"
"0","colnames(dff.housing) <- x"
"0","dff.housing.tot <- apply(dff.housing, 2, sum)"
"0",""
"0",""
"0",""
"0","dff.bank <- cbind.data.frame(dff$utbankwho_Your_spouse , dff$utbankwho_Your_child , dff$utbankwho_Other_relative , dff$utbankwho_Close_friend , dff$utbankwho_Your_parents , dff$utbankwho_Your_sibling , dff$utbankwho_Your_grandchild)"
"0","x <- c(""spouse"", ""child"", ""other relative"", ""close friend"", ""parents"", ""sibling"", ""grandchild"")"
"0","colnames(dff.bank) <- x"
"0","dff.bank.tot <- apply(dff.bank, 2, sum)"
"0",""
"0",""
"0",""
"0","dff.health <- cbind.data.frame(dff$uthealthwho_Your_spouse , dff$uthealthwho_Your_child , dff$uthealthwho_Other_relative , dff$uthealthwho_Close_friend , dff$uthealthwho_Your_parents , dff$uthealthwho_Your_sibling , dff$uthealthwho_Your_grandchild)"
"0","x <- c(""spouse"", ""child"", ""other relative"", ""close friend"", ""parents"", ""sibling"", ""grandchild"")"
"0","colnames(dff.health) <- x"
"0","dff.health.tot <- apply(dff.health, 2, sum)"
"0",""
"0",""
"0",""
"0","dff.service <- cbind.data.frame(dff$utservwho_Your_spouse , dff$utservwho_Your_child , dff$utservwho_Other_relative , dff$utservwho_Close_friend , dff$utservwho_Your_parents , dff$utservwho_Your_sibling , dff$utservwho_Your_grandchild)"
"0","x <- c(""spouse"", ""child"", ""other relative"", ""close friend"", ""parents"", ""sibling"", ""grandchild"")"
"0","colnames(dff.service) <- x"
"0","dff.service.tot <- apply(dff.service, 2, sum)"
"0",""
"0",""
"0",""
"0","dff.inlaws <- cbind.data.frame(dff$utinlawswho_Your_spouse , dff$utinlawswho_Your_child , dff$utinlawswho_Other_relative , dff$utinlawswho_Close_friend , dff$utinlawswho_Your_parents , dff$utinlawswho_Your_sibling , dff$utinlawswho_Your_grandchild)"
"0","x <- c(""spouse"", ""child"", ""other relative"", ""close friend"", ""parents"", ""sibling"", ""grandchild"")"
"0","colnames(dff.inlaws) <- x"
"0","dff.inlaws.tot <- apply(dff.inlaws, 2, sum)"
"0",""
"0","# Collate all the totals and make table"
"0","dff.all <- rbind(dff.job.tot,dff.police.tot,dff.courts.tot,dff.school.tot,"
"0","                dff.housing.tot,dff.bank.tot,dff.health.tot,dff.service.tot,"
"0","                dff.inlaws.tot)"
"0","dff.all <- as.data.frame(dff.all)"
"0","r.totals <- apply(dff.all, 1, sum)"
"0","dff.all$r.totals <- r.totals"
"0","c.totals <- apply(dff.all, 2, sum)"
"0","dff.all <- rbind.data.frame(dff.all,c.totals)"
"0",""
"0","# This is the final table:"
"0","cbind.data.frame(rownames(dff.all),dff.all)"
