"0",""
"0","# Make table of values for who is the other?"
"0","# Omnibus test for gender differences"
"0",""
"0","otable <- data.frame(female = f.othersum$value,"
"0","                     male = m.othersum$value)"
"0","rownames(otable) <- m.othersum$key"
"0",""
"0","set.seed(1)"
"0","ots <- chisq.test(otable, simulate.p.value = TRUE, B = 100000)"
"0","ots # p-value = 1e-05, or 0.00001 when rounded."
"1","
"
"1","	Pearson's Chi-squared test with simulated p-value (based on 1e+05 replicates)"
"1","
"
"1","
"
"1","data:  "
"1",""
"1","otable"
"1",""
"1","
"
"1","X-squared = 50.656, df = NA, p-value = 1e-05"
"1","
"
"1","
"
"0","format(1e-05,scientific = F)"
"1","[1]"
"1"," ""0.00001"""
"1","
"
