"0",""
"0","dfm <- df[df$Sex==""Male"",]"
"0",""
"0","# Direct discrimination"
"0","m.sdomself <- cbind.data.frame(dfm$utjobwho_Yourself,dfm$utpolicewho_Yourself,dfm$utcourtswho_Yourself,"
"0","  dfm$utschoolwho_Yourself,dfm$uthousewho_Yourself,dfm$utbankwho_Yourself,dfm$uthealthwho_Yourself,"
"0","  dfm$utservwho_Yourself,dfm$utinlawswho_Yourself)"
"0",""
"0","colnames(m.sdomself) <- c(""Job"", ""Police"", ""Courts"", ""School"", ""Housing"", ""Banking"", ""Health Care"", ""Service"", ""In-laws"")"
"0","m.sdomselfsums <- data.frame(value=apply(m.sdomself, 2, sum, na.rm = T))"
"0","m.sdomselfsums$key <- rownames(m.sdomselfsums)"
"0",""
"0",""
"0","m.sdomselfsums$per <- m.sdomselfsums$value/(sum(m.sdomselfsums$value))"
"0","m.sdomselfsums$per<-round((m.sdomselfsums$per),4)"
"0","m.sdomselfsums$per<-m.sdomselfsums$per*100"
"0",""
"0",""
