"0",""
"0","ageEffect <- effect_plot(model3, pred = age, interval = TRUE, colors = ""purple"") "
"2","Using data df from global environment. This could cause incorrect results if df
has been altered since the model was fit. You can manually provide the data to the
""data ="" argument."
"0","ageEffect2 <- ageEffect +"
"0","  ylab(c(""Predicted Vicarious Discrimination"")) + "
"0","  xlab(c(""Age"")) +"
"0","  theme_bw() +"
"0","  theme(plot.title = element_text(hjust = 0.5)) +"
"0","  scale_x_continuous(breaks = seq(25,65,5), limits = c(24,66)) +"
"0","  scale_y_continuous(breaks = seq(0,9,1), limits = c(0,9)) +"
"0","  geom_ribbon(aes(ymin=ageEffect$data$ymin, ymax = ageEffect$data$ymax), alpha = 0.15,"
"0","              fill = ""magenta"")"
"0",""
"0","ageEffect2"
