"0",""
"0","# get n (%) of all listed attribution options"
"0",""
"0","reasons <- as.data.frame(apply(df[92:104], 2, yn))"
"0","colnames(reasons) <- c(""Gender"",""Race"",""Age"",""Weight"",""Shade of Skin"",""Sexual Orientation"","
"0","                       ""Income Level"",""Education Level"",""Hair Style"",""Way of Speaking"","
"0","                       ""Way of Dress"",""Physical Disability"",""Other"")"
"0",""
"0","table(complete.cases(reasons))"
"1","
"
"1","FALSE "
"1"," TRUE "
"1","
"
"1","   33 "
"1","  145 "
"1","
"
"0","# this gives 145 people who gave an attribution "
"0","# for any kind of discrimination. Why isn't the"
"0","# number 178-32 = 146? Who is the person we're"
"0","# missing an attribution report for and why?"
"0",""
"0","find <- cbind.data.frame(reasons,t2$tester)"
"0",""
"0","find$out <- ifelse((find$`t2$tester` == ""Both"" | find$`t2$tester` == ""Vicarious discrimination only"" | find$`t2$tester` == ""Direct discrimination only"") & (is.na(reasons$Gender) == TRUE), 1, 0)"
"0",""
"0","# This is row 160, which corresponds to row 161 in the raw data."
"0","# They report vicarious discrimination, but no data on attribution."
"0","# Missing data."
"0",""
"0",""
"0","n <- colSums(reasons, na.rm = T)"
"0","per <- round(((n/145)*100), digits = 1)"
"0","nper <- paste(n,per,sep = "" ("")"
"0","nper <- paste0(nper,""%)"")"
"0",""
"0",""
"0","dfsup1 <- data.frame(Attribution = colnames(reasons),"
"0","                     n = n,"
"0","                     per = per,"
"0","                     nper = nper)"
"0",""
"0","sum(n) # 510 attributions"
"1","[1]"
"1"," 510"
"1","
"
"0","# 145 people included in Figure S2A, and 510 attributions."
"0","sup1 <- ggplot(dfsup1, aes(x=reorder(Attribution,n), y=n, fill = Attribution)) +"
"0","  geom_bar(stat=""identity"", position = ""identity"") +"
"0","  coord_flip() +"
"0","  theme_bw() +"
"0","  theme(axis.title = element_text(), "
"0","        axis.title.y = element_text(),"
"0","        axis.title.x = element_text(),"
"0","        axis.text.x = element_text(size=12, face=""bold"", colour = ""black""), "
"0","        axis.text.y = element_text(size=12, face=""bold"", colour = ""black"")) + "
"0","  ggtitle(""All Attributions for Discrimination"") + # n = 145"
"0","  geom_text(aes(label=nper), position=position_dodge(width=1), hjust=-0.05) +"
"0","  ylim(0,115) +"
"0","  xlab(""Attributions"") +"
"0","  ylab(""Frequency"") +"
"0","  theme(legend.position = ""none"", text = element_text(size = 10))"
"0",""
"0","# get n (%) of most important listed attribution"
"0",""
"0","xtable <- table(df$utattribimp)"
"0","sort(xtable, decreasing = T)"
"1","
"
"1","                        Race "
"1","                             "
"1","Income level or social class "
"1","
"
"1","                          72 "
"1","                          36 "
"1","                          18 "
"1","
"
"1","                       Other "
"1","             Way of speaking "
"1","             Education level "
"1","
"
"1","                          12 "
"1","                           8 "
"1","                           7 "
"1","
"
"1","                      Gender "
"1","               Shade of skin "
"1","                      Weight "
"1","
"
"1","                           7 "
"1","                           6 "
"1","                           4 "
"1","
"
"1","                         Age "
"1","                  Hair style "
"1","         Physical disability "
"1","
"
"1","                           3 "
"1","                           2 "
"1","                           1 "
"1","
"
"1","          Sexual orientation "
"1","                Way of dress "
"1","
"
"1","                           1 "
"1","                           1 "
"1","
"
"0","dfsup2 <- data.frame(Attribution = c(""Race"",""Income Level"",""Other"",""Way of Speaking"","
"0","                          ""Education Level"",""Gender"",""Shade of Skin"", ""Weight"","
"0","                          ""Age"", ""Hair Style"", ""Physical Disability"","
"0","                          ""Sexual Orientation"",""Way of Dress""),"
"0","                     n = c(72,18,12,8,7,7,6,4,3,2,1,1,1))"
"0",""
"0","dfsup2$per <- round((dfsup2$n/142)*100,digits = 1)"
"0",""
"0","dfsup2$nper <- paste(dfsup2$n,dfsup2$per,sep = "" ("")"
"0","dfsup2$nper <- paste0(dfsup2$nper,""%)"")"
"0",""
"0","sum(dfsup2$n) # 142"
"1","[1]"
"1"," 142"
"1","
"
"0","# 142 people & ""most important"" attributions represented in Figure S2B."
"0","sup2 <- ggplot(dfsup2, aes(x=reorder(Attribution,n), y=n, fill = Attribution)) +"
"0","  geom_bar(stat=""identity"", position = ""identity"") +"
"0","  coord_flip() +"
"0","  theme_bw() +"
"0","  theme(axis.title = element_text(), "
"0","        axis.title.y = element_text(),"
"0","        axis.title.x = element_text(),"
"0","        axis.text.x = element_text(size=12, face=""bold"", colour = ""black""), "
"0","        axis.text.y = element_text(size=12, face=""bold"", colour = ""black"")) + "
"0","  ggtitle(""Most Important Attribution for Discrimination"") + # n = 142"
"0","  geom_text(aes(label=nper), position=position_dodge(width=1), hjust=-0.05) +"
"0","  ylim(0,115) +"
"0","  xlab(""Attributions"") +"
"0","  ylab(""Frequency"") +"
"0","  theme(legend.position = ""none"", text = element_text(size = 10))"
