"0",""
"0",""
"0","# Direct Discrimination"
"0","set.seed(1) # There's randomness in the jittering of points"
"0","# so it's good practice to set the seed prior to doing this."
"0","box.self <- ggplot(df, aes(Gender, dirdisc, colour = Gender, fill = Gender)) + "
"0","  geom_boxplot(alpha = 0.2) +"
"0","  geom_jitter(width = 0.05, height = 0.06, alpha = 0.4) +"
"0","  scale_y_continuous(breaks = seq(0, 9, 1)) +"
"0","  theme_bw() +"
"0","  theme(legend.title = element_blank()) +"
"0","  scale_fill_manual(values = c(""#FF0000"",""#00A08A"")) +"
"0","  theme(legend.title = element_blank()) +"
"0","  theme(plot.title = element_text(hjust = 0.5)) + "
"0","  theme(legend.position = ""none"") +"
"0","  ylab(c(""Direct Discrimination"")) +"
"0","  geom_signif(comparisons = list(c(""Women"", ""Men"")), "
"0","              map_signif_level=TRUE, tip_length = 0.025,"
"0","              textsize = 4, annotations = c(""p = 0.002""),"
"0","              y_position = c(9.1), size = 0.5)"
"0",""
"0",""
"0","# Vicarious Discrimination"
"0","set.seed(1) # There's randomness in the jittering of points"
"0","# so it's good practice to set the seed prior to doing this."
"0","box.other <- ggplot(df, aes(Gender, virdisc, colour = Gender, fill = Gender)) + "
"0","  geom_boxplot(alpha = 0.2) +"
"0","  geom_jitter(width = 0.05, height = 0.06, alpha = 0.4) +"
"0","  scale_y_continuous(breaks = seq(0, 9, 1)) +"
"0","  theme_bw() +"
"0","  scale_fill_manual(values = c(""#FF0000"",""#00A08A"")) +"
"0","  theme(legend.title = element_blank()) +"
"0","  theme(plot.title = element_text(hjust = 0.5)) + "
"0","  theme(legend.position = ""none"") +"
"0","  ylab(c(""Vicarious Discrimination"")) +"
"0","  geom_signif(comparisons = list(c(""Women"", ""Men"")), "
"0","              map_signif_level=TRUE, tip_length = 0.025,"
"0","              textsize = 4, annotations = c(""p = 0.012""),"
"0","              y_position = c(9.1), size = 0.5)"
"0",""
"0","# Put these side by side:"
"0","figs1 <- ggarrange(box.self,box.other,ncol=2, common.legend = TRUE, legend = ""bottom"")"
"0","figs1"
