{"chunk_definitions":[{"row":17,"row_count":1,"visible":true,"expansion_state":0,"options":{"engine":"r","label":"setup","include":false},"document_id":"7B0A0489","chunk_id":"csetup_chunk","chunk_label":"setup"},{"row":46,"row_count":1,"visible":true,"expansion_state":0,"options":{"engine":"r","label":"load all libraries","warning":false,"message":false},"document_id":"7B0A0489","chunk_id":"cm08ptwijwsad","chunk_label":"load all libraries"},{"row":54,"row_count":1,"visible":true,"expansion_state":0,"options":{"engine":"r","label":"get raw data"},"document_id":"7B0A0489","chunk_id":"ccdvbsmpuhefg","chunk_label":"get raw data"},{"row":70,"row_count":1,"visible":true,"expansion_state":0,"options":{"engine":"r","label":"define recode functions"},"document_id":"7B0A0489","chunk_id":"cfjq23vk50d2x","chunk_label":"define recode functions"},{"row":91,"row_count":1,"visible":true,"expansion_state":0,"options":{"engine":"r","label":"calculate direct experiences of major discrimination"},"document_id":"7B0A0489","chunk_id":"c6bjgdfankrs1","chunk_label":"calculate direct experiences of major discrimination"},{"row":118,"row_count":1,"visible":true,"expansion_state":0,"options":{"engine":"r","label":"get social domains of direct discrimination for males"},"document_id":"7B0A0489","chunk_id":"czrc19rvfjh0x","chunk_label":"get social domains of direct discrimination for males"},{"row":147,"row_count":1,"visible":true,"expansion_state":0,"options":{"engine":"r","label":"get social domains of direct discrimination for females"},"document_id":"7B0A0489","chunk_id":"cykekq05k3rhd","chunk_label":"get social domains of direct discrimination for females"},{"row":268,"row_count":1,"visible":true,"expansion_state":0,"options":{"engine":"r","label":"calculate vicarious experiences of major discrimination"},"document_id":"7B0A0489","chunk_id":"c8ovhwf5olbff","chunk_label":"calculate vicarious experiences of major discrimination"},{"row":330,"row_count":1,"visible":true,"expansion_state":0,"options":{"engine":"r","label":"get social domains of vicarious discrimination for men"},"document_id":"7B0A0489","chunk_id":"cbw4tnf77ep0l","chunk_label":"get social domains of vicarious discrimination for men"},{"row":389,"row_count":1,"visible":true,"expansion_state":0,"options":{"engine":"r","label":"get social domains of vicarious discrimination for women"},"document_id":"7B0A0489","chunk_id":"cdj4j8ijo9or7","chunk_label":"get social domains of vicarious discrimination for women"},{"row":448,"row_count":1,"visible":true,"expansion_state":0,"options":{"engine":"r","label":"get who is the other reporting vicarious discrimination for males"},"document_id":"7B0A0489","chunk_id":"c855afg4pfq6t","chunk_label":"get who is the other reporting vicarious discrimination for males"},{"row":509,"row_count":1,"visible":true,"expansion_state":0,"options":{"engine":"r","label":"get who is the other reporting vicarious discrimination for women"},"document_id":"7B0A0489","chunk_id":"c1tij4z4rgs2e","chunk_label":"get who is the other reporting vicarious discrimination for women"},{"row":572,"row_count":1,"visible":true,"expansion_state":0,"options":{"engine":"r","label":"get age, education, employment status"},"document_id":"7B0A0489","chunk_id":"c8tve4org48ol","chunk_label":"get age"},{"row":587,"row_count":1,"visible":true,"expansion_state":0,"options":{"engine":"r","label":"recode everyday discrimination and create summary measure"},"document_id":"7B0A0489","chunk_id":"c1h4v3brzdcyr","chunk_label":"recode everyday discrimination and create summary measure"},{"row":609,"row_count":1,"visible":true,"expansion_state":0,"options":{"engine":"r","label":"contact with parents variable"},"document_id":"7B0A0489","chunk_id":"cfww9tibp5re8","chunk_label":"contact with parents variable"},{"row":629,"row_count":1,"visible":true,"expansion_state":0,"options":{"engine":"r","label":"grow up with parents variable"},"document_id":"7B0A0489","chunk_id":"c3uuom4npqtaa","chunk_label":"grow up with parents variable"},{"row":645,"row_count":1,"visible":true,"expansion_state":0,"options":{"engine":"r","label":"dichotomize number of friends talked to in past"},"document_id":"7B0A0489","chunk_id":"crg2jt6akck1y","chunk_label":"dichotomize number of friends talked to in past"},{"row":659,"row_count":1,"visible":true,"expansion_state":0,"options":{"engine":"r","label":"table 1"},"document_id":"7B0A0489","chunk_id":"cje27y8gglllk","chunk_label":"table 1"},{"row":776,"row_count":1,"visible":true,"expansion_state":0,"options":{"engine":"r","label":"table 1 tests"},"document_id":"7B0A0489","chunk_id":"chdbsfir25ucs","chunk_label":"table 1 tests"},{"row":805,"row_count":1,"visible":true,"expansion_state":0,"options":{"engine":"r","label":"table 2"},"document_id":"7B0A0489","chunk_id":"cvxxueeq7npos","chunk_label":"table 2"},{"row":844,"row_count":1,"visible":true,"expansion_state":0,"options":{"engine":"r","label":"table 3","to.word":true},"document_id":"7B0A0489","chunk_id":"ctx4a4hlez2yg","chunk_label":"table 3"},{"row":869,"row_count":1,"visible":true,"expansion_state":0,"options":{"engine":"r","label":"resid"},"document_id":"7B0A0489","chunk_id":"c4imh7yv1wyfd","chunk_label":"resid"},{"row":905,"row_count":1,"visible":true,"expansion_state":0,"options":{"engine":"r","label":"alpha dispersion test"},"document_id":"7B0A0489","chunk_id":"cbgdxg1rz256t","chunk_label":"alpha dispersion test"},{"row":953,"row_count":1,"visible":true,"expansion_state":0,"options":{"engine":"r","label":"first run resampling tests of sex differences"},"document_id":"7B0A0489","chunk_id":"coep78ojvuv68","chunk_label":"first run resampling tests of sex differences"},{"row":1006,"row_count":1,"visible":true,"expansion_state":0,"options":{"engine":"r","label":"generate figure S1","fig.height":5.25},"document_id":"7B0A0489","chunk_id":"cm76rx55da19q","chunk_label":"generate figure S1"},{"row":1042,"row_count":1,"visible":true,"expansion_state":0,"options":{"engine":"r","label":"resampling tests for fig1"},"document_id":"7B0A0489","chunk_id":"cgjbo1cavce4r","chunk_label":"resampling tests for fig1"},{"row":1296,"row_count":1,"visible":true,"expansion_state":0,"options":{"engine":"r","label":"post hoc tests for fig1"},"document_id":"7B0A0489","chunk_id":"c60yr49rnpovz","chunk_label":"post hoc tests for fig1"},{"row":1443,"row_count":1,"visible":true,"expansion_state":0,"options":{"engine":"r","label":"make graphs for fig1","fig.width":6},"document_id":"7B0A0489","chunk_id":"c9b0u0nronapf","chunk_label":"make graphs for fig1"},{"row":1451,"row_count":1,"visible":true,"expansion_state":0,"options":{"engine":"r","label":"full fig1","fig.width":12},"document_id":"7B0A0489","chunk_id":"cvn7cceuqhtrk","chunk_label":"full fig1"},{"row":1551,"row_count":1,"visible":true,"expansion_state":0,"options":{"engine":"r","label":"raw counts of discrimination by social domains","fig.width":6,"fig.height":6},"document_id":"7B0A0489","chunk_id":"cw1a68r2dpldo","chunk_label":"raw counts of discrimination by social domains"},{"row":1559,"row_count":1,"visible":true,"expansion_state":0,"options":{"engine":"r","label":"save the plot","fig.width":12,"fig.height":6},"document_id":"7B0A0489","chunk_id":"cs6sk44g6ghkl","chunk_label":"save the plot"},{"row":1585,"row_count":1,"visible":true,"expansion_state":0,"options":{"engine":"r","label":"resampling tests for fig3"},"document_id":"7B0A0489","chunk_id":"ck0nozfkfq3ee","chunk_label":"resampling tests for fig3"},{"row":1712,"row_count":1,"visible":true,"expansion_state":0,"options":{"engine":"r","label":"post hoc tests for fig3"},"document_id":"7B0A0489","chunk_id":"cgu0n2ttcyi92","chunk_label":"post hoc tests for fig3"},{"row":1781,"row_count":1,"visible":true,"expansion_state":0,"options":{"engine":"r","label":"make graphs for fig2","fig.width":7.5},"document_id":"7B0A0489","chunk_id":"c2pm3o3yln1nd","chunk_label":"make graphs for fig2"},{"row":1838,"row_count":1,"visible":true,"expansion_state":0,"options":{"engine":"r","label":"raw counts of who is the other reports of vicarious discrimination"},"document_id":"7B0A0489","chunk_id":"c6pd0wu81lc7h","chunk_label":"raw counts of who is the other reports of vicarious discrimination"},{"row":1866,"row_count":1,"visible":true,"expansion_state":0,"options":{"engine":"r","label":"figS5","fig.width":7.5},"document_id":"7B0A0489","chunk_id":"c96k9r3kqxvax","chunk_label":"figS5"},{"row":1909,"row_count":1,"visible":true,"expansion_state":0,"options":{"engine":"r","label":"age and vic disc variance"},"document_id":"7B0A0489","chunk_id":"cbeeva5nke3qa","chunk_label":"age and vic disc variance"},{"row":1942,"row_count":1,"visible":true,"expansion_state":0,"options":{"engine":"r","label":"probe interaction"},"document_id":"7B0A0489","chunk_id":"cgahkro0rl2ip","chunk_label":"probe interaction"},{"row":2007,"row_count":1,"visible":true,"expansion_state":0,"options":{"engine":"r","label":"make figure s4","fig.width":7.5},"document_id":"7B0A0489","chunk_id":"cwf9vygq8r844","chunk_label":"make figure s4"},{"row":2112,"row_count":1,"visible":true,"expansion_state":0,"options":{"engine":"r","label":"supplementary figs2","fig.height":12,"fig.width":9},"document_id":"7B0A0489","chunk_id":"cj7nxc4rd3x8g","chunk_label":"supplementary figs2"},{"row":2123,"row_count":1,"visible":true,"expansion_state":0,"options":{"engine":"r","label":"save figure s2","fig.height":9,"fig.width":8},"document_id":"7B0A0489","chunk_id":"cccea4u71kxmz","chunk_label":"save figure s2"},{"row":2213,"row_count":1,"visible":true,"expansion_state":0,"options":{"engine":"r","label":"domain by who is the other table for all table s2"},"document_id":"7B0A0489","chunk_id":"c5h5kbyemaul3","chunk_label":"domain by who is the other table for all table s2"},{"row":2298,"row_count":1,"visible":true,"expansion_state":0,"options":{"engine":"r","label":"domain by who is the other table for all males table s3"},"document_id":"7B0A0489","chunk_id":"ctkkcwti9t6sp","chunk_label":"domain by who is the other table for all males table s3"},{"row":2383,"row_count":1,"visible":true,"expansion_state":0,"options":{"engine":"r","label":"domain by who is the other table for all females s4"},"document_id":"7B0A0489","chunk_id":"cgcvte9qzkzzk","chunk_label":"domain by who is the other table for all females s4"}],"doc_write_time":1669235212,"working_dir":null,"default_chunk_options":{"echo":true}}