"0",""
"0","dff <- df[df$Sex==""Female"",]"
"0",""
"0","# Direct discrimination"
"0","f.sdomself <- cbind.data.frame(dff$utjobwho_Yourself,dff$utpolicewho_Yourself,dff$utcourtswho_Yourself,"
"0","  dff$utschoolwho_Yourself,dff$uthousewho_Yourself,dff$utbankwho_Yourself,dff$uthealthwho_Yourself,"
"0","  dff$utservwho_Yourself,dff$utinlawswho_Yourself)"
"0",""
"0","colnames(f.sdomself) <- c(""Job"", ""Police"", ""Courts"", ""School"", ""Housing"", ""Banking"", ""Health Care"", ""Service"", ""In-laws"")"
"0","f.sdomselfsums <- data.frame(value=apply(f.sdomself, 2, sum, na.rm = T))"
"0","f.sdomselfsums$key <- rownames(f.sdomselfsums)"
"0",""
"0",""
"0","f.sdomselfsums$per <- f.sdomselfsums$value/(sum(f.sdomselfsums$value))"
"0","f.sdomselfsums$per<-round((f.sdomselfsums$per),4)"
"0","f.sdomselfsums$per<-f.sdomselfsums$per*100"
"0",""
"0",""
