"0",""
"0","dff$utospouse <- dff$utjobwho_Your_spouse + dff$utpolicewho_Your_spouse +"
"0","  dff$utcourtswho_Your_spouse + dff$utschoolwho_Your_spouse + dff$uthousewho_Your_spouse +"
"0","  dff$utbankwho_Your_spouse + dff$uthealthwho_Your_spouse + dff$utservwho_Your_spouse +"
"0","  dff$utinlawswho_Your_spouse"
"0",""
"0","dff$utoparents <- dff$utjobwho_Your_parents + dff$utpolicewho_Your_parents +"
"0","  dff$utcourtswho_Your_parents + dff$utschoolwho_Your_parents + dff$uthousewho_Your_parents +"
"0","  dff$utbankwho_Your_parents + dff$uthealthwho_Your_parents + dff$utservwho_Your_parents +"
"0","  dff$utinlawswho_Your_parents"
"0",""
"0","dff$utochild <- dff$utjobwho_Your_child + dff$utpolicewho_Your_child +"
"0","  dff$utcourtswho_Your_child + dff$utschoolwho_Your_child + dff$uthousewho_Your_child +"
"0","  dff$utbankwho_Your_child + dff$uthealthwho_Your_child + dff$utservwho_Your_child +"
"0","  dff$utinlawswho_Your_child"
"0",""
"0","dff$utosibling <- dff$utjobwho_Your_sibling + dff$utpolicewho_Your_sibling +"
"0","  dff$utcourtswho_Your_sibling + dff$utschoolwho_Your_sibling + dff$uthousewho_Your_sibling +"
"0","  dff$utbankwho_Your_sibling + dff$uthealthwho_Your_sibling + dff$utservwho_Your_sibling +"
"0","  dff$utinlawswho_Your_sibling"
"0",""
"0","dff$utograndchild <- dff$utjobwho_Your_grandchild + dff$utpolicewho_Your_grandchild +"
"0","  dff$utcourtswho_Your_grandchild + dff$utschoolwho_Your_grandchild + dff$uthousewho_Your_grandchild +"
"0","  dff$utbankwho_Your_grandchild + dff$uthealthwho_Your_grandchild + dff$utservwho_Your_grandchild +"
"0","  dff$utinlawswho_Your_grandchild"
"0",""
"0","dff$utootherrelative <- dff$utjobwho_Other_relative + dff$utpolicewho_Other_relative +"
"0","  dff$utcourtswho_Other_relative + dff$utschoolwho_Other_relative + dff$uthousewho_Other_relative +"
"0","  dff$utbankwho_Other_relative + dff$uthealthwho_Other_relative + dff$utservwho_Other_relative +"
"0","  dff$utinlawswho_Other_relative"
"0",""
"0","dff$utoclosefriend <- dff$utjobwho_Close_friend + dff$utpolicewho_Close_friend +"
"0","  dff$utcourtswho_Close_friend + dff$utschoolwho_Close_friend + dff$uthousewho_Close_friend +"
"0","  dff$utbankwho_Close_friend + dff$uthealthwho_Close_friend + dff$utservwho_Close_friend +"
"0","  dff$utinlawswho_Close_friend"
"0",""
"0","f.utowho <- cbind.data.frame(dff$utospouse,dff$utochild,dff$utootherrelative,dff$utoclosefriend,"
"0","                             dff$utoparents,dff$utosibling,dff$utograndchild)"
"0",""
"0","colnames(f.utowho) <- c(""spouse"", ""child"", ""other relative"", ""close friend"", ""parents"", ""sibling"", ""grandchild"")"
"0",""
"0","f.othersum <- data.frame(value=apply(f.utowho, 2, sum))"
"0","f.othersum$key <- rownames(f.othersum)"
"0","f.othersum$per <- f.othersum$value/(sum(f.othersum$value))"
"0","f.othersum$per <- round((f.othersum$per),4)"
"0","f.othersum$per <- f.othersum$per*100"
"0",""
"0",""
"0",""
