"0","set.seed(1)"
"0","dts <- chisq.test(dtable, simulate.p.value = TRUE, B = 100000)"
"0","dts # p-value = 0.0001"
"1","
"
"1","	Pearson's Chi-squared test with simulated p-value (based on 1e+05 replicates)"
"1","
"
"1","
"
"1","data:  "
"1",""
"1","dtable"
"1",""
"1","
"
"1","X-squared = 30.254, df = NA, p-value = 1e-04"
"1","
"
"1","
"
"0","format(1e-04, scientific = F)"
"1","[1]"
"1"," ""0.0001"""
"1","
"
"0","# Vicarious Experiences of Major Discrimination"
"0",""
"0","vtable <- data.frame(female = f.utodf2sums$value,"
"0","                     male = m.utodf2sums$value)"
"0","rownames(vtable) <- f.utodf2sums$key"
"0","vtable"
