{"chunk_definitions":[{"row":17,"row_count":1,"visible":true,"expansion_state":0,"options":{"engine":"r","label":"setup","include":false},"document_id":"7B0A0489","chunk_id":"csetup_chunk","chunk_label":"setup"},{"row":46,"row_count":1,"visible":true,"expansion_state":0,"options":{"engine":"r","label":"load all libraries","warning":false,"message":false},"document_id":"7B0A0489","chunk_id":"cvgiof93os72f","chunk_label":"load all libraries"},{"row":2393,"row_count":1,"visible":true,"expansion_state":0,"options":{"engine":"r","label":"print session info"},"document_id":"7B0A0489","chunk_id":"c1zapfmmmgdyr","chunk_label":"print session info"}],"doc_write_time":1683981218,"working_dir":null,"default_chunk_options":{"echo":true}}