"0",""
"0","# Add a grouping variable by years of education tercile:"
"0","predy$edyears.terc <- factor(rep(c(""Lowest"", ""Middle"", ""Highest""),3),levels = c(""Lowest"", ""Middle"", ""Highest""))"
"0",""
"0","#========================================="
"0","# Plot these predictions"
"0","#========================================="
"0",""
"0","group.colors <- c(""dodgerblue"",""skyblue3"",""deepskyblue"")"
"0",""
"0","figs6 <- ggplot(predy,aes(x=edsmean, y = virdisc,"
"0","                        color = edyears.terc,"
"0","                        linetype = edyears.terc,"
"0","                        shape = edyears.terc)) +"
"0","  geom_line(size=1.5) +"
"0","  geom_point(size=4) +"
"0","  scale_color_manual(values=group.colors) +"
"0","  labs(color = ""edyears.terc"", shape = ""edyears.terc"", linetype = ""edyears.terc"") +"
"0","  labs(x = levels(predy$edyears.terc),y = ""Predicted Vicarious Discrimination"") +"
"0","  scale_x_continuous(breaks = eds.vals,"
"0","                     labels = c(""1 SD Below"",""Mean"",""1 SD Above""), "
"0","                     limits = c(0.490703, 1.966907)) +"
"0","  scale_y_continuous(breaks = seq(0, 10, 1), limits = c(0,9)) +"
"0","  theme_bw() +"
"0","  theme(plot.title = element_text(hjust = 0.5)) +"
"0","  xlab(""Everyday Discrimination"") + labs(color = ""Years of Education Tercile"", "
"0","                          linetype = ""Years of Education Tercile"", "
"0","                          shape = ""Years of Education Tercile"") +"
"0","  theme(legend.position = c(0.19,.8)) +"
"0","  theme(legend.box.background = element_rect(fill =""grey"",color=""lightblue"", size=2))"
"0","figs6"
