"0",""
"0","# Prepare list of moderator values by finding medians of "
"0","# years of education tertiles"
"0",""
"0","df <- df %>%"
"0","  mutate(tertiles = ntile(edyears, 3)) %>%"
"0","  mutate(tertiles = if_else(tertiles == 1, 'Low', if_else(tertiles == 2, 'Medium', 'High')))"
"0",""
"0","tapply(df$edyears, df$tertiles, median) # 11,12, and 16"
"1","  High "
"1","   Low "
"1","Medium "
"1","
"
"1","    16 "
"1","    11 "
"1","    12 "
"1","
"
"0","ll <- list(""edyears"" = c(11,12,16))"
"0",""
"0","mean(df$edsmean) # 1.228805"
"1","[1]"
"1"," 1.228805"
"1","
"
"0","mean(df$edsmean) + sd(df$edsmean) # 1.866907"
"1","[1]"
"1"," 1.866907"
"1","
"
"0","mean(df$edsmean) - sd(df$edsmean) # 0.590703"
"1","[1]"
"1"," 0.5907029"
"1","
"
"0","eds.vals <- c(0.590703,1.228805,1.866907)"
"0",""
"0","predy <- make_predictions(model3, pred = ""edsmean"", pred.values = eds.vals,"
"0","                      at = ll, outcome.scale = ""response"")"
"2","Using data df from global environment. This could cause incorrect results if df
has been altered since the model was fit. You can manually provide the data to the
""data ="" argument."
"0","predy"
