"0",""
"0",""
"0","dfm.job <- cbind.data.frame(dfm$utjobwho_Your_spouse , dfm$utjobwho_Your_child , dfm$utjobwho_Other_relative , dfm$utjobwho_Close_friend , dfm$utjobwho_Your_parents , dfm$utjobwho_Your_sibling , dfm$utjobwho_Your_grandchild)"
"0","x <- c(""spouse"", ""child"", ""other relative"", ""close friend"", ""parents"", ""sibling"", ""grandchild"")"
"0","colnames(dfm.job) <- x"
"0","dfm.job.tot <- apply(dfm.job, 2, sum)"
"0",""
"0",""
"0",""
"0","dfm.police <- cbind.data.frame(dfm$utpolicewho_Your_spouse , dfm$utpolicewho_Your_child , dfm$utpolicewho_Other_relative , dfm$utpolicewho_Close_friend , dfm$utpolicewho_Your_parents , dfm$utpolicewho_Your_sibling , dfm$utpolicewho_Your_grandchild)"
"0","x <- c(""spouse"", ""child"", ""other relative"", ""close friend"", ""parents"", ""sibling"", ""grandchild"")"
"0","colnames(dfm.police) <- x"
"0","dfm.police.tot <- apply(dfm.police, 2, sum)"
"0",""
"0",""
"0",""
"0","dfm.courts <- cbind.data.frame(dfm$utcourtswho_Your_spouse , dfm$utcourtswho_Your_child , dfm$utcourtswho_Other_relative , dfm$utcourtswho_Close_friend , dfm$utcourtswho_Your_parents , dfm$utcourtswho_Your_sibling , dfm$utcourtswho_Your_grandchild)"
"0","x <- c(""spouse"", ""child"", ""other relative"", ""close friend"", ""parents"", ""sibling"", ""grandchild"")"
"0","colnames(dfm.courts) <- x"
"0","dfm.courts.tot <- apply(dfm.courts, 2, sum)"
"0",""
"0",""
"0",""
"0","dfm.school <- cbind.data.frame(dfm$utschoolwho_Your_spouse , dfm$utschoolwho_Your_child , dfm$utschoolwho_Other_relative , dfm$utschoolwho_Close_friend , dfm$utschoolwho_Your_parents , dfm$utschoolwho_Your_sibling , dfm$utschoolwho_Your_grandchild)"
"0","x <- c(""spouse"", ""child"", ""other relative"", ""close friend"", ""parents"", ""sibling"", ""grandchild"")"
"0","colnames(dfm.school) <- x"
"0","dfm.school.tot <- apply(dfm.school, 2, sum)"
"0",""
"0",""
"0",""
"0","dfm.housing <- cbind.data.frame(dfm$uthousewho_Your_spouse , dfm$uthousewho_Your_child , dfm$uthousewho_Other_relative , dfm$uthousewho_Close_friend , dfm$uthousewho_Your_parents , dfm$uthousewho_Your_sibling , dfm$uthousewho_Your_grandchild)"
"0","x <- c(""spouse"", ""child"", ""other relative"", ""close friend"", ""parents"", ""sibling"", ""grandchild"")"
"0","colnames(dfm.housing) <- x"
"0","dfm.housing.tot <- apply(dfm.housing, 2, sum)"
"0",""
"0",""
"0",""
"0","dfm.bank <- cbind.data.frame(dfm$utbankwho_Your_spouse , dfm$utbankwho_Your_child , dfm$utbankwho_Other_relative , dfm$utbankwho_Close_friend , dfm$utbankwho_Your_parents , dfm$utbankwho_Your_sibling , dfm$utbankwho_Your_grandchild)"
"0","x <- c(""spouse"", ""child"", ""other relative"", ""close friend"", ""parents"", ""sibling"", ""grandchild"")"
"0","colnames(dfm.bank) <- x"
"0","dfm.bank.tot <- apply(dfm.bank, 2, sum)"
"0",""
"0",""
"0",""
"0","dfm.health <- cbind.data.frame(dfm$uthealthwho_Your_spouse , dfm$uthealthwho_Your_child , dfm$uthealthwho_Other_relative , dfm$uthealthwho_Close_friend , dfm$uthealthwho_Your_parents , dfm$uthealthwho_Your_sibling , dfm$uthealthwho_Your_grandchild)"
"0","x <- c(""spouse"", ""child"", ""other relative"", ""close friend"", ""parents"", ""sibling"", ""grandchild"")"
"0","colnames(dfm.health) <- x"
"0","dfm.health.tot <- apply(dfm.health, 2, sum)"
"0",""
"0",""
"0",""
"0","dfm.service <- cbind.data.frame(dfm$utservwho_Your_spouse , dfm$utservwho_Your_child , dfm$utservwho_Other_relative , dfm$utservwho_Close_friend , dfm$utservwho_Your_parents , dfm$utservwho_Your_sibling , dfm$utservwho_Your_grandchild)"
"0","x <- c(""spouse"", ""child"", ""other relative"", ""close friend"", ""parents"", ""sibling"", ""grandchild"")"
"0","colnames(dfm.service) <- x"
"0","dfm.service.tot <- apply(dfm.service, 2, sum)"
"0",""
"0",""
"0",""
"0","dfm.inlaws <- cbind.data.frame(dfm$utinlawswho_Your_spouse , dfm$utinlawswho_Your_child , dfm$utinlawswho_Other_relative , dfm$utinlawswho_Close_friend , dfm$utinlawswho_Your_parents , dfm$utinlawswho_Your_sibling , dfm$utinlawswho_Your_grandchild)"
"0","x <- c(""spouse"", ""child"", ""other relative"", ""close friend"", ""parents"", ""sibling"", ""grandchild"")"
"0","colnames(dfm.inlaws) <- x"
"0","dfm.inlaws.tot <- apply(dfm.inlaws, 2, sum)"
"0",""
"0","# Collate all the totals and make table"
"0","dfm.all <- rbind(dfm.job.tot,dfm.police.tot,dfm.courts.tot,dfm.school.tot,"
"0","                dfm.housing.tot,dfm.bank.tot,dfm.health.tot,dfm.service.tot,"
"0","                dfm.inlaws.tot)"
"0","dfm.all <- as.data.frame(dfm.all)"
"0","r.totals <- apply(dfm.all, 1, sum)"
"0","dfm.all$r.totals <- r.totals"
"0","c.totals <- apply(dfm.all, 2, sum)"
"0","dfm.all <- rbind.data.frame(dfm.all,c.totals)"
"0",""
"0","# This is the final table:"
"0","cbind.data.frame(rownames(dfm.all),dfm.all)"
