"0",""
"0","df[,""friendstalk""][is.na(df$friendstalk)] <- 0 # based on skip logic of survey"
"0","summary(df$friendstalk) # median is 2. Do median split."
"1","   Min. "
"1","1st Qu. "
"1"," Median "
"1","   Mean "
"1","3rd Qu. "
"1","   Max. "
"1","
"
"1","  0.000 "
"1","  1.000 "
"1","  2.000 "
"1","  2.899 "
"1","  3.000 "
"1"," 25.000 "
"1","
"
"0","df$dfriendstalk <- as.factor(ifelse(df$friendstalk > 2,""High"",""Low""))"
"0","df$dfriendstalk <- relevel(df$dfriendstalk, ref = ""Low"")"
"0",""
