"0",""
"0","df <- df %>%"
"0","  mutate(growparents = case_when("
"0","    choodcare_You_rmother == ""No"" & choodcare_Your_father== ""No"" ~ ""Neither one"","
"0","    choodcare_You_rmother == ""Yes"" & choodcare_Your_father== ""Yes"" ~ ""Both"","
"0","    choodcare_You_rmother == ""Yes"" & choodcare_Your_father== ""No"" ~ ""Mother only"","
"0","    choodcare_You_rmother == ""No"" & choodcare_Your_father== ""Yes"" ~ ""Father only""))"
"0",""
"0","df$growparents <- as.factor(df$growparents)"
"0","df$growparents <- relevel(df$growparents, ref = ""Both"")"
"0",""
