"0",""
"0","# Age is already provided in raw data. This is to avoid"
"0","# sharing dates of birth. Range of interview dates from:"
"0",""
"0","# 2011-07-18 to 2012-08-27"
"0",""
"0","# Education"
"0",""
"0","df[df$edyears==""01 (Elementary)"",]$edyears <- 1"
"0","df[df$edyears==""09 (High school)"",]$edyears <- 9"
"0","df[df$edyears==""13 (College)"",]$edyears <- 13"
"0","df[df$edyears==""17 (Graduate School)"",]$edyears <- 17"
"0","df[df$edyears==""20+"",]$edyears <- 20"
"0","df$edyears <- as.numeric(df$edyears)"
"0",""
"0","# Employment"
"0",""
"0","df$employment <- factor(recode(.x=df$employ, ""Working full-time"" = ""2"","
"0","                          ""Working part-time"" = ""2"","
"0","                          ""Unemployed or laid-off"" = ""0"","
"0","                          ""Keeping house or raising children full-time"" = ""1"","
"0","                          ""Retired"" = ""1"","
"0","                          ""Not working due to disability"" = ""1"","
"0","                          ""Student"" = ""1"","
"0","                          ""Other"" = ""1""),"
"0","                          levels = c(""1"",""0"",""2""),"
"0","                          labels = c(""Out of workforce"",""Unemployed or laid-off"",""Working""))"
"0",""
"0","# Marital Status"
"0",""
"0","df$marriage <- factor(recode(.x=df$marital, ""Divorced"" = ""1"","
"0","                             ""Married and living together"" = ""2"","
"0","                             ""Never married"" = ""0"","
"0","                             ""Not married, but living with a partner"" = ""2"","
"0","                             ""Separated"" = ""1"","
"0","                             ""Widowed"" = ""1""),"
"0","                      levels = c(""0"",""1"",""2""),"
"0","                      labels = c(""Never Married"",""Formerly Married"",""Married/Partnered""))"
"0",""
"0","# Gender"
"0",""
"0","df$Gender <- factor(ifelse(df$Sex==""Male"",""Men"",""Women""),"
"0","                    levels = c(""Men"",""Women""),"
"0","                    labels = c(""Men"",""Women""))"
"0",""
"0","df$Gender <- relevel(df$Gender, ref = ""Women"")"
"0",""
"0",""
"0",""
"0",""
