"0",""
"0","dff$utojobother <- dff$utjobwho_Your_spouse + dff$utjobwho_Your_parents +"
"0","  dff$utjobwho_Your_child + dff$utjobwho_Your_sibling + dff$utjobwho_Your_grandchild +"
"0","  dff$utjobwho_Other_relative + dff$utjobwho_Close_friend"
"0",""
"0","dff$utopoliceother <- dff$utpolicewho_Your_spouse + dff$utpolicewho_Your_parents +"
"0","  dff$utpolicewho_Your_child + dff$utpolicewho_Your_sibling + dff$utpolicewho_Your_grandchild +"
"0","  dff$utpolicewho_Other_relative + dff$utpolicewho_Close_friend"
"0",""
"0","dff$utocourtsother <- dff$utcourtswho_Your_spouse + dff$utcourtswho_Your_parents +"
"0","  dff$utcourtswho_Your_child + dff$utcourtswho_Your_sibling + dff$utcourtswho_Your_grandchild +"
"0","  dff$utcourtswho_Other_relative + dff$utcourtswho_Close_friend"
"0",""
"0","dff$utoschoolother <- dff$utschoolwho_Your_spouse + dff$utschoolwho_Your_parents +"
"0","  dff$utschoolwho_Your_child + dff$utschoolwho_Your_sibling + dff$utschoolwho_Your_grandchild +"
"0","  dff$utschoolwho_Other_relative + dff$utschoolwho_Close_friend"
"0",""
"0","dff$utohouseother <- dff$uthousewho_Your_spouse + dff$uthousewho_Your_parents +"
"0","  dff$uthousewho_Your_child + dff$uthousewho_Your_sibling + dff$uthousewho_Your_grandchild +"
"0","  dff$uthousewho_Other_relative + dff$uthousewho_Close_friend"
"0",""
"0","dff$utobankother <- dff$utbankwho_Your_spouse + dff$utbankwho_Your_parents +"
"0","  dff$utbankwho_Your_child + dff$utbankwho_Your_sibling + dff$utbankwho_Your_grandchild +"
"0","  dff$utbankwho_Other_relative + dff$utbankwho_Close_friend"
"0",""
"0","dff$utohealthother <- dff$uthealthwho_Your_spouse + dff$uthealthwho_Your_parents +"
"0","  dff$uthealthwho_Your_child + dff$uthealthwho_Your_sibling + dff$uthealthwho_Your_grandchild +"
"0","  dff$uthealthwho_Other_relative + dff$uthealthwho_Close_friend"
"0",""
"0","dff$utoservother <- dff$utservwho_Your_spouse + dff$utservwho_Your_parents +"
"0","  dff$utservwho_Your_child + dff$utservwho_Your_sibling + dff$utservwho_Your_grandchild +"
"0","  dff$utservwho_Other_relative + dff$utservwho_Close_friend"
"0",""
"0","dff$utoinlawsother <- dff$utinlawswho_Your_spouse + dff$utinlawswho_Your_parents +"
"0","  dff$utinlawswho_Your_child + dff$utinlawswho_Your_sibling + dff$utinlawswho_Your_grandchild +"
"0","  dff$utinlawswho_Other_relative + dff$utinlawswho_Close_friend"
"0",""
"0",""
"0","f.utodf <- cbind.data.frame(dff$utojobother,dff$utopoliceother,dff$utocourtsother,dff$utoschoolother,dff$utohouseother,dff$utobankother,dff$utohealthother,dff$utoservother,dff$utoinlawsother)"
"0",""
"0",""
"0","colnames(f.utodf) <- c(""Job"", ""Police"", ""Courts"", ""School"", ""Housing"", ""Banking"", ""Health Care"", ""Service"", ""In-laws"")"
"0","f.utodf2sums <- data.frame(value=apply(f.utodf, 2, sum))"
"0","f.utodf2sums$key <- rownames(f.utodf2sums)"
"0","f.utodf2sums"
