"0",""
"0","# Resample wilcoxon rank sum test for gender differences in age"
"0",""
"0","# get W-statistic for our empirical result."
"0","obst.age <- as.numeric(wilcox.test(df$age~df$Sex,paired=FALSE)[1]) "
"0","rst.age <- NULL # resample the W-statistic"
"0",""
"0","set.seed(1)"
"0","for(i in 1:10000){"
"0","  draw <- sample(df$age,178,replace=FALSE) # 178 total participants"
"0","  dum1 <- draw[1:58] # 58 men"
"0","  dum2 <- draw[59:178] # 120 women"
"0","  rst.age[i] <- as.numeric(wilcox.test(dum1,dum2,paired=FALSE)[1])"
"0","}"
"0",""
"0","count.age <- rst.age[rst.age<=obst.age]"
"0","prob.age <- length(count.age)/length(rst.age)"
"0","cat(""the 2-tailed probability that the distributions do not differ is "",prob.age*2,""\n"") "
"1","the 2-tailed probability that the distributions do not differ is "
"1"," "
"1","0.9864"
"1"," "
"1","
"
"0","# p value for gender difference in age is 0.9864"
"0",""
"0",""
"0","# Resample wilcoxon rank sum test to "
"0","# test for sex differences in years of education"
"0",""
"0","# get W-statistic for our empirical result."
"0","obst.edyears <- as.numeric(wilcox.test(df$edyears~df$Sex,paired=FALSE)[1]) "
"0","rst.edyears<-NULL # resample the W-statistic"
"0","set.seed(1)"
"0","for(i in 1:10000){"
"0","  draw <- sample(df$edyears,178,replace=FALSE) # 178 total participants"
"0","  dum1 <- draw[1:58] # 58 males"
"0","  dum2 <- draw[59:178] # 120 females"
"0","  rst.edyears[i] <- as.numeric(wilcox.test(dum1,dum2,paired=FALSE)[1])"
"0","}"
"0",""
"0","count.edyears<-rst.edyears[rst.edyears>=obst.edyears]"
"0","prob.edyears<-length(count.edyears)/length(rst.edyears)"
"0","cat(""the 2-tailed probability that the distributions do not differ is "",prob.edyears*2,""\n"") "
"1","the 2-tailed probability that the distributions do not differ is "
"1"," "
"1","0.0092"
"1"," "
"1","
"
"0","# p value for gender differenc in edyears is 0.0092"
"0",""
"0",""
"0","# Resample wilcoxon rank sum test to "
"0","# test for gender differences in everday discrimination"
"0",""
"0","# get W-statistic for our empirical result."
"0","obst.edsmean <- as.numeric(wilcox.test(df$edsmean~df$Sex,paired=FALSE)[1]) "
"0","rst.edsmean<-NULL # resample the W-statistic"
"0","set.seed(1)"
"0","for(i in 1:10000){"
"0","  draw <- sample(df$edsmean,178,replace=FALSE) # 178 total participants"
"0","  dum1 <- draw[1:58] # 58 males"
"0","  dum2 <- draw[59:178] # 120 females"
"0","  rst.edsmean[i] <- as.numeric(wilcox.test(dum1,dum2,paired=FALSE)[1])"
"0","}"
"0",""
"0","count.edsmean<-rst.edsmean[rst.edsmean<=obst.edsmean]"
"0","prob.edsmean<-length(count.edsmean)/length(rst.edsmean)"
"0","cat(""the 2-tailed probability that the distributions do not differ is "",prob.edsmean*2,""\n"") "
"1","the 2-tailed probability that the distributions do not differ is "
"1"," "
"1","0.005"
"1"," "
"1","
"
"0","# p value for gender difference in edsmean is 0.005"
"0",""
"0",""
"0","#================================================#"
"0","#================================================#"
"0","#================================================#"
"0","#================================================#"
"0",""
"0","# Categorical tests. Use table one created above"
"0","# to get counts in cells of all contingency table"
"0",""
"0","# Get employment matrix"
"0",""
"0","emp <- matrix(c(36,15,11,10,73,33),byrow = TRUE,ncol = 2)"
"0","set.seed(1)"
"0","etest <- chisq.test(emp,simulate.p.value = TRUE,B=100000)"
"0","etest$p.value # p value for this test is 0.2864671."
"1","[1]"
"1"," 0.2864671"
"1","
"
"0","# Get marital status matrix"
"0","mar <- matrix(c(44,19,42,18,34,21),byrow = TRUE,ncol = 2)"
"0","set.seed(1)"
"0","martest <- chisq.test(mar,simulate.p.value = TRUE,B=100000)"
"0","martest$p.value # p value for this test is 0.2864671."
"1","[1]"
"1"," 0.5939641"
"1","
"
"0","# Get Parental Contact matrix"
"0","pc <- matrix(c(34,14,7,4,44,22,35,18),byrow = TRUE,ncol = 2)"
"0","set.seed(1)"
"0","pctest <- chisq.test(pc,simulate.p.value = TRUE,B=100000)"
"0","pctest$p.value # p value for this test is 0.9470405."
"1","[1]"
"1"," 0.9470405"
"1","
"
"0","# Get Growing up with Parents matrix"
"0","gp <- matrix(c(46,22,4,1,55,27,15,8),byrow = TRUE,ncol = 2)"
"0","set.seed(1)"
"0","gptest <- chisq.test(gp,simulate.p.value = TRUE,B=100000)"
"0","gptest$p.value # p value for this test is 0.9514305."
"1","[1]"
"1"," 0.9514305"
"1","
"
"0","# Get Talk with Friends matrix"
"0","ft <- matrix(c(67,34,53,24),byrow = TRUE,ncol = 2)"
"0","set.seed(1)"
"0","fttest <- chisq.test(ft,simulate.p.value = TRUE,B=100000)"
"0","fttest$p.value # p value for this test is 0.7474925."
"1","[1]"
"1"," 0.7474925"
"1","
"
"0","# p values for gender differences in direct discrimination"
"0","# and vicarious discrimination are derived below, under"
"0","# the ""make Figure 1"" section."
"0",""
"0",""
