"0",""
"0","dfm$utospouse <- dfm$utjobwho_Your_spouse + dfm$utpolicewho_Your_spouse +"
"0","  dfm$utcourtswho_Your_spouse + dfm$utschoolwho_Your_spouse + dfm$uthousewho_Your_spouse +"
"0","  dfm$utbankwho_Your_spouse + dfm$uthealthwho_Your_spouse + dfm$utservwho_Your_spouse +"
"0","  dfm$utinlawswho_Your_spouse"
"0",""
"0","dfm$utoparents <- dfm$utjobwho_Your_parents + dfm$utpolicewho_Your_parents +"
"0","  dfm$utcourtswho_Your_parents + dfm$utschoolwho_Your_parents + dfm$uthousewho_Your_parents +"
"0","  dfm$utbankwho_Your_parents + dfm$uthealthwho_Your_parents + dfm$utservwho_Your_parents +"
"0","  dfm$utinlawswho_Your_parents"
"0",""
"0","dfm$utochild <- dfm$utjobwho_Your_child + dfm$utpolicewho_Your_child +"
"0","  dfm$utcourtswho_Your_child + dfm$utschoolwho_Your_child + dfm$uthousewho_Your_child +"
"0","  dfm$utbankwho_Your_child + dfm$uthealthwho_Your_child + dfm$utservwho_Your_child +"
"0","  dfm$utinlawswho_Your_child"
"0",""
"0","dfm$utosibling <- dfm$utjobwho_Your_sibling + dfm$utpolicewho_Your_sibling +"
"0","  dfm$utcourtswho_Your_sibling + dfm$utschoolwho_Your_sibling + dfm$uthousewho_Your_sibling +"
"0","  dfm$utbankwho_Your_sibling + dfm$uthealthwho_Your_sibling + dfm$utservwho_Your_sibling +"
"0","  dfm$utinlawswho_Your_sibling"
"0",""
"0","dfm$utograndchild <- dfm$utjobwho_Your_grandchild + dfm$utpolicewho_Your_grandchild +"
"0","  dfm$utcourtswho_Your_grandchild + dfm$utschoolwho_Your_grandchild + dfm$uthousewho_Your_grandchild +"
"0","  dfm$utbankwho_Your_grandchild + dfm$uthealthwho_Your_grandchild + dfm$utservwho_Your_grandchild +"
"0","  dfm$utinlawswho_Your_grandchild"
"0",""
"0","dfm$utootherrelative <- dfm$utjobwho_Other_relative + dfm$utpolicewho_Other_relative +"
"0","  dfm$utcourtswho_Other_relative + dfm$utschoolwho_Other_relative + dfm$uthousewho_Other_relative +"
"0","  dfm$utbankwho_Other_relative + dfm$uthealthwho_Other_relative + dfm$utservwho_Other_relative +"
"0","  dfm$utinlawswho_Other_relative"
"0",""
"0","dfm$utoclosefriend <- dfm$utjobwho_Close_friend + dfm$utpolicewho_Close_friend +"
"0","  dfm$utcourtswho_Close_friend + dfm$utschoolwho_Close_friend + dfm$uthousewho_Close_friend +"
"0","  dfm$utbankwho_Close_friend + dfm$uthealthwho_Close_friend + dfm$utservwho_Close_friend +"
"0","  dfm$utinlawswho_Close_friend"
"0",""
"0","m.utowho <- cbind.data.frame(dfm$utospouse,dfm$utochild,dfm$utootherrelative,dfm$utoclosefriend,"
"0","                             dfm$utoparents,dfm$utosibling,dfm$utograndchild)"
"0",""
"0","colnames(m.utowho) <- c(""spouse"", ""child"", ""other relative"", ""close friend"", ""parents"", ""sibling"", ""grandchild"")"
"0",""
"0","m.othersum <- data.frame(value=apply(m.utowho, 2, sum))"
"0","m.othersum$key <- rownames(m.othersum)"
"0","m.othersum$per <- m.othersum$value/(sum(m.othersum$value))"
"0","m.othersum$per <- round((m.othersum$per),4)"
"0","m.othersum$per <- m.othersum$per*100"
"0",""
