"0",""
"0","library(here)"
"0","library(plyr)"
"0","library(dplyr)"
"0","library(eeptools)"
"0","library(table1)"
"0","library(sjPlot)"
"0","library(interactions)"
"0","library(jtools)"
"0","library(huxtable)"
"0","library(gmodels)"
"0","library(fabricatr)"
"0","library(ggsignif)"
"0","library(ggplot2)"
"0","library(ggpubr)"
"0","library(ggrepel)"
"0","library(RColorBrewer)"
"0","library(DHARMa)"
"0","library(ggthemes)"
"0","library(officer)"
"0","library(flextable)"
"0","library(sandwich)"
"0","here <- here::here"
"0",""
