{"chunk_definitions":[{"row":17,"row_count":1,"visible":true,"expansion_state":0,"options":{"engine":"r","label":"setup","include":false},"document_id":"7B0A0489","chunk_id":"csetup_chunk","chunk_label":"setup"},{"row":47,"row_count":1,"visible":true,"expansion_state":0,"options":{"engine":"r","label":"load all libraries","warning":false,"message":false},"document_id":"7B0A0489","chunk_id":"chc17fj9cvax4","chunk_label":"load all libraries"},{"row":56,"row_count":1,"visible":true,"expansion_state":0,"options":{"engine":"r","label":"get raw data"},"document_id":"7B0A0489","chunk_id":"c1yewt5hktssv","chunk_label":"get raw data"},{"row":72,"row_count":1,"visible":true,"expansion_state":0,"options":{"engine":"r","label":"define recode functions"},"document_id":"7B0A0489","chunk_id":"cfo3vtusq3qjo","chunk_label":"define recode functions"},{"row":93,"row_count":1,"visible":true,"expansion_state":0,"options":{"engine":"r","label":"calculate direct experiences of major discrimination"},"document_id":"7B0A0489","chunk_id":"ckrr1mi3c5me1","chunk_label":"calculate direct experiences of major discrimination"},{"row":120,"row_count":1,"visible":true,"expansion_state":0,"options":{"engine":"r","label":"get social domains of direct discrimination for males"},"document_id":"7B0A0489","chunk_id":"cerv4o3m4tp2o","chunk_label":"get social domains of direct discrimination for males"},{"row":149,"row_count":1,"visible":true,"expansion_state":0,"options":{"engine":"r","label":"get social domains of direct discrimination for females"},"document_id":"7B0A0489","chunk_id":"ci20wxxjmroc4","chunk_label":"get social domains of direct discrimination for females"},{"row":270,"row_count":1,"visible":true,"expansion_state":0,"options":{"engine":"r","label":"calculate vicarious experiences of major discrimination"},"document_id":"7B0A0489","chunk_id":"c3t80crfyoli8","chunk_label":"calculate vicarious experiences of major discrimination"},{"row":332,"row_count":1,"visible":true,"expansion_state":0,"options":{"engine":"r","label":"get social domains of vicarious discrimination for men"},"document_id":"7B0A0489","chunk_id":"c5hdkko78vf9j","chunk_label":"get social domains of vicarious discrimination for men"},{"row":391,"row_count":1,"visible":true,"expansion_state":0,"options":{"engine":"r","label":"get social domains of vicarious discrimination for women"},"document_id":"7B0A0489","chunk_id":"codqo51ubsuf2","chunk_label":"get social domains of vicarious discrimination for women"},{"row":450,"row_count":1,"visible":true,"expansion_state":0,"options":{"engine":"r","label":"get who is the other reporting vicarious discrimination for males"},"document_id":"7B0A0489","chunk_id":"crkitz186u82e","chunk_label":"get who is the other reporting vicarious discrimination for males"},{"row":511,"row_count":1,"visible":true,"expansion_state":0,"options":{"engine":"r","label":"get who is the other reporting vicarious discrimination for women"},"document_id":"7B0A0489","chunk_id":"ct4pxp6r9vtlc","chunk_label":"get who is the other reporting vicarious discrimination for women"},{"row":574,"row_count":1,"visible":true,"expansion_state":0,"options":{"engine":"r","label":"get age, education, employment status"},"document_id":"7B0A0489","chunk_id":"c00tobfbjawva","chunk_label":"get age"},{"row":589,"row_count":1,"visible":true,"expansion_state":0,"options":{"engine":"r","label":"recode everyday discrimination and create summary measure"},"document_id":"7B0A0489","chunk_id":"ce6tm8c4czkoc","chunk_label":"recode everyday discrimination and create summary measure"},{"row":611,"row_count":1,"visible":true,"expansion_state":0,"options":{"engine":"r","label":"contact with parents variable"},"document_id":"7B0A0489","chunk_id":"cvjyrtcosr6v5","chunk_label":"contact with parents variable"},{"row":631,"row_count":1,"visible":true,"expansion_state":0,"options":{"engine":"r","label":"grow up with parents variable"},"document_id":"7B0A0489","chunk_id":"cmisgb7vo46zm","chunk_label":"grow up with parents variable"},{"row":647,"row_count":1,"visible":true,"expansion_state":0,"options":{"engine":"r","label":"dichotomize number of friends talked to in past"},"document_id":"7B0A0489","chunk_id":"c0p1lpobudomo","chunk_label":"dichotomize number of friends talked to in past"},{"row":661,"row_count":1,"visible":true,"expansion_state":0,"options":{"engine":"r","label":"table 1"},"document_id":"7B0A0489","chunk_id":"cht9vkatsmnem","chunk_label":"table 1"},{"row":778,"row_count":1,"visible":true,"expansion_state":0,"options":{"engine":"r","label":"table 1 tests"},"document_id":"7B0A0489","chunk_id":"cuqwfe3g9pazd","chunk_label":"table 1 tests"},{"row":807,"row_count":1,"visible":true,"expansion_state":0,"options":{"engine":"r","label":"table 2"},"document_id":"7B0A0489","chunk_id":"cyr38a0rq2bt3","chunk_label":"table 2"},{"row":846,"row_count":1,"visible":true,"expansion_state":0,"options":{"engine":"r","label":"table 3","to.word":true},"document_id":"7B0A0489","chunk_id":"cmfary9bp1v8c","chunk_label":"table 3"},{"row":871,"row_count":1,"visible":true,"expansion_state":0,"options":{"engine":"r","label":"resid"},"document_id":"7B0A0489","chunk_id":"cjfl1mkdur35w","chunk_label":"resid"},{"row":907,"row_count":1,"visible":true,"expansion_state":0,"options":{"engine":"r","label":"alpha dispersion test"},"document_id":"7B0A0489","chunk_id":"c7kbjzcj2pyh0","chunk_label":"alpha dispersion test"},{"row":955,"row_count":1,"visible":true,"expansion_state":0,"options":{"engine":"r","label":"first run resampling tests of sex differences"},"document_id":"7B0A0489","chunk_id":"ctr8zpy7hjz92","chunk_label":"first run resampling tests of sex differences"},{"row":1008,"row_count":1,"visible":true,"expansion_state":0,"options":{"engine":"r","label":"generate figure S1","fig.height":5.25},"document_id":"7B0A0489","chunk_id":"czly53c8e3wpu","chunk_label":"generate figure S1"},{"row":1044,"row_count":1,"visible":true,"expansion_state":0,"options":{"engine":"r","label":"resampling tests for fig1"},"document_id":"7B0A0489","chunk_id":"c211emljv46hw","chunk_label":"resampling tests for fig1"},{"row":1298,"row_count":1,"visible":true,"expansion_state":0,"options":{"engine":"r","label":"post hoc tests for fig1"},"document_id":"7B0A0489","chunk_id":"cpekuwyfso4sp","chunk_label":"post hoc tests for fig1"},{"row":1445,"row_count":1,"visible":true,"expansion_state":0,"options":{"engine":"r","label":"make graphs for fig1","fig.width":6},"document_id":"7B0A0489","chunk_id":"ce1e7xpiwq2qa","chunk_label":"make graphs for fig1"},{"row":1453,"row_count":1,"visible":true,"expansion_state":0,"options":{"engine":"r","label":"full fig1","fig.width":12},"document_id":"7B0A0489","chunk_id":"chd92f8fljgvt","chunk_label":"full fig1"},{"row":1553,"row_count":1,"visible":true,"expansion_state":0,"options":{"engine":"r","label":"raw counts of discrimination by social domains","fig.width":6,"fig.height":6},"document_id":"7B0A0489","chunk_id":"c4s5lmhoiybxe","chunk_label":"raw counts of discrimination by social domains"},{"row":1561,"row_count":1,"visible":true,"expansion_state":0,"options":{"engine":"r","label":"save the plot","fig.width":12,"fig.height":6},"document_id":"7B0A0489","chunk_id":"c6oxvhbpgmst8","chunk_label":"save the plot"},{"row":1587,"row_count":1,"visible":true,"expansion_state":0,"options":{"engine":"r","label":"resampling tests for fig3"},"document_id":"7B0A0489","chunk_id":"czyoehyzz3wtp","chunk_label":"resampling tests for fig3"},{"row":1714,"row_count":1,"visible":true,"expansion_state":0,"options":{"engine":"r","label":"post hoc tests for fig3"},"document_id":"7B0A0489","chunk_id":"cmjwgf0dn1u48","chunk_label":"post hoc tests for fig3"},{"row":1783,"row_count":1,"visible":true,"expansion_state":0,"options":{"engine":"r","label":"make graphs for fig2","fig.width":7.5},"document_id":"7B0A0489","chunk_id":"c5rpxw156zjau","chunk_label":"make graphs for fig2"},{"row":1840,"row_count":1,"visible":true,"expansion_state":0,"options":{"engine":"r","label":"raw counts of who is the other reports of vicarious discrimination"},"document_id":"7B0A0489","chunk_id":"cgda75zmts8pf","chunk_label":"raw counts of who is the other reports of vicarious discrimination"},{"row":1868,"row_count":1,"visible":true,"expansion_state":0,"options":{"engine":"r","label":"figS5","fig.width":7.5},"document_id":"7B0A0489","chunk_id":"cj8szm10kpdcs","chunk_label":"figS5"},{"row":1911,"row_count":1,"visible":true,"expansion_state":0,"options":{"engine":"r","label":"age and vic disc variance"},"document_id":"7B0A0489","chunk_id":"cu4341y3mti2v","chunk_label":"age and vic disc variance"},{"row":1944,"row_count":1,"visible":true,"expansion_state":0,"options":{"engine":"r","label":"probe interaction"},"document_id":"7B0A0489","chunk_id":"cq1lupfecml9v","chunk_label":"probe interaction"},{"row":2009,"row_count":1,"visible":true,"expansion_state":0,"options":{"engine":"r","label":"make figure s4","fig.width":7.5},"document_id":"7B0A0489","chunk_id":"crte77hf225bz","chunk_label":"make figure s4"},{"row":2114,"row_count":1,"visible":true,"expansion_state":0,"options":{"engine":"r","label":"supplementary figs2","fig.height":12,"fig.width":9},"document_id":"7B0A0489","chunk_id":"c2mk22rr92afl","chunk_label":"supplementary figs2"},{"row":2125,"row_count":1,"visible":true,"expansion_state":0,"options":{"engine":"r","label":"save figure s2","fig.height":9,"fig.width":8},"document_id":"7B0A0489","chunk_id":"choj72nozkdzb","chunk_label":"save figure s2"},{"row":2215,"row_count":1,"visible":true,"expansion_state":0,"options":{"engine":"r","label":"domain by who is the other table for all table s2"},"document_id":"7B0A0489","chunk_id":"c0nsfa4jp4q86","chunk_label":"domain by who is the other table for all table s2"},{"row":2300,"row_count":1,"visible":true,"expansion_state":0,"options":{"engine":"r","label":"domain by who is the other table for all males table s3"},"document_id":"7B0A0489","chunk_id":"ctudswm52cq37","chunk_label":"domain by who is the other table for all males table s3"},{"row":2385,"row_count":1,"visible":true,"expansion_state":0,"options":{"engine":"r","label":"domain by who is the other table for all females s4"},"document_id":"7B0A0489","chunk_id":"c988wuy3zg5j1","chunk_label":"domain by who is the other table for all females s4"},{"row":2447,"row_count":1,"visible":true,"expansion_state":0,"options":{"engine":"r","echo":false,"label":"unnamed-chunk-12"},"document_id":"7B0A0489","chunk_id":"cma66dpmuxbnh","chunk_label":"unnamed-chunk-1"},{"row":2463,"row_count":1,"visible":true,"expansion_state":0,"options":{"engine":"r","label":"unnamed-chunk-34"},"document_id":"7B0A0489","chunk_id":"ciz92m3oa31sv","chunk_label":"unnamed-chunk-2"},{"row":2485,"row_count":1,"visible":true,"expansion_state":0,"options":{"engine":"r","label":"unnamed-chunk-41"},"document_id":"7B0A0489","chunk_id":"cyf4af43nbixi","chunk_label":"unnamed-chunk-3"}],"doc_write_time":1683997138,"working_dir":null,"default_chunk_options":{"echo":true},"chunk_rendered_width":700}