"0",""
"0","# Generate table tallying positive responses by question by who is the other"
"0",""
"0","df.job <- cbind.data.frame(df$utjobwho_Your_spouse , df$utjobwho_Your_child , df$utjobwho_Other_relative , df$utjobwho_Close_friend , df$utjobwho_Your_parents , df$utjobwho_Your_sibling , df$utjobwho_Your_grandchild)"
"0","x <- c(""spouse"", ""child"", ""other relative"", ""close friend"", ""parents"", ""sibling"", ""grandchild"")"
"0","colnames(df.job) <- x"
"0","df.job.tot <- apply(df.job, 2, sum)"
"0",""
"0",""
"0",""
"0","df.police <- cbind.data.frame(df$utpolicewho_Your_spouse , df$utpolicewho_Your_child , df$utpolicewho_Other_relative , df$utpolicewho_Close_friend , df$utpolicewho_Your_parents , df$utpolicewho_Your_sibling , df$utpolicewho_Your_grandchild)"
"0","x <- c(""spouse"", ""child"", ""other relative"", ""close friend"", ""parents"", ""sibling"", ""grandchild"")"
"0","colnames(df.police) <- x"
"0","df.police.tot <- apply(df.police, 2, sum)"
"0",""
"0",""
"0",""
"0","df.courts <- cbind.data.frame(df$utcourtswho_Your_spouse , df$utcourtswho_Your_child , df$utcourtswho_Other_relative , df$utcourtswho_Close_friend , df$utcourtswho_Your_parents , df$utcourtswho_Your_sibling , df$utcourtswho_Your_grandchild)"
"0","x <- c(""spouse"", ""child"", ""other relative"", ""close friend"", ""parents"", ""sibling"", ""grandchild"")"
"0","colnames(df.courts) <- x"
"0","df.courts.tot <- apply(df.courts, 2, sum)"
"0",""
"0",""
"0",""
"0","df.school <- cbind.data.frame(df$utschoolwho_Your_spouse , df$utschoolwho_Your_child , df$utschoolwho_Other_relative , df$utschoolwho_Close_friend , df$utschoolwho_Your_parents , df$utschoolwho_Your_sibling , df$utschoolwho_Your_grandchild)"
"0","x <- c(""spouse"", ""child"", ""other relative"", ""close friend"", ""parents"", ""sibling"", ""grandchild"")"
"0","colnames(df.school) <- x"
"0","df.school.tot <- apply(df.school, 2, sum)"
"0",""
"0",""
"0",""
"0","df.housing <- cbind.data.frame(df$uthousewho_Your_spouse , df$uthousewho_Your_child , df$uthousewho_Other_relative , df$uthousewho_Close_friend , df$uthousewho_Your_parents , df$uthousewho_Your_sibling , df$uthousewho_Your_grandchild)"
"0","x <- c(""spouse"", ""child"", ""other relative"", ""close friend"", ""parents"", ""sibling"", ""grandchild"")"
"0","colnames(df.housing) <- x"
"0","df.housing.tot <- apply(df.housing, 2, sum)"
"0",""
"0",""
"0",""
"0","df.bank <- cbind.data.frame(df$utbankwho_Your_spouse , df$utbankwho_Your_child , df$utbankwho_Other_relative , df$utbankwho_Close_friend , df$utbankwho_Your_parents , df$utbankwho_Your_sibling , df$utbankwho_Your_grandchild)"
"0","x <- c(""spouse"", ""child"", ""other relative"", ""close friend"", ""parents"", ""sibling"", ""grandchild"")"
"0","colnames(df.bank) <- x"
"0","df.bank.tot <- apply(df.bank, 2, sum)"
"0",""
"0",""
"0",""
"0","df.health <- cbind.data.frame(df$uthealthwho_Your_spouse , df$uthealthwho_Your_child , df$uthealthwho_Other_relative , df$uthealthwho_Close_friend , df$uthealthwho_Your_parents , df$uthealthwho_Your_sibling , df$uthealthwho_Your_grandchild)"
"0","x <- c(""spouse"", ""child"", ""other relative"", ""close friend"", ""parents"", ""sibling"", ""grandchild"")"
"0","colnames(df.health) <- x"
"0","df.health.tot <- apply(df.health, 2, sum)"
"0",""
"0",""
"0",""
"0","df.service <- cbind.data.frame(df$utservwho_Your_spouse , df$utservwho_Your_child , df$utservwho_Other_relative , df$utservwho_Close_friend , df$utservwho_Your_parents , df$utservwho_Your_sibling , df$utservwho_Your_grandchild)"
"0","x <- c(""spouse"", ""child"", ""other relative"", ""close friend"", ""parents"", ""sibling"", ""grandchild"")"
"0","colnames(df.service) <- x"
"0","df.service.tot <- apply(df.service, 2, sum)"
"0",""
"0",""
"0",""
"0","df.inlaws <- cbind.data.frame(df$utinlawswho_Your_spouse , df$utinlawswho_Your_child , df$utinlawswho_Other_relative , df$utinlawswho_Close_friend , df$utinlawswho_Your_parents , df$utinlawswho_Your_sibling , df$utinlawswho_Your_grandchild)"
"0","x <- c(""spouse"", ""child"", ""other relative"", ""close friend"", ""parents"", ""sibling"", ""grandchild"")"
"0","colnames(df.inlaws) <- x"
"0","df.inlaws.tot <- apply(df.inlaws, 2, sum)"
"0",""
"0","# Collate all the totals and make table"
"0","df.all <- rbind(df.job.tot,df.police.tot,df.courts.tot,df.school.tot,"
"0","                df.housing.tot,df.bank.tot,df.health.tot,df.service.tot,"
"0","                df.inlaws.tot)"
"0","df.all <- as.data.frame(df.all)"
"0","r.totals <- apply(df.all, 1, sum)"
"0","df.all$r.totals <- r.totals"
"0","c.totals <- apply(df.all, 2, sum)"
"0","df.all <- rbind.data.frame(df.all,c.totals)"
"0",""
"0","# This is the final table:"
"0","cbind.data.frame(rownames(df.all),df.all)"
