"0",""
"0","#Select a color palette from RColorBrewer"
"0","cpalette <- brewer.pal(n = 9,name = ""Set1"") "
"0","cpalette2 <- c(cpalette,cpalette)"
"0",""
"0","# Direct Experiences of Major Discrimination"
"0",""
"0",""
"0","selfdomm <- m.sdomselfsums"
"0","selfdomm$gender <- c(rep(""Men"", 9))"
"0",""
"0","selfdomw <- f.sdomselfsums"
"0","selfdomw$gender <- c(rep(""Women"", 9))"
"0",""
"0","utsdom <- rbind(selfdomm, selfdomw)"
"0","utsdom$gender <- factor(utsdom$gender)"
"0","utsdom$gender <- relevel(utsdom$gender, ref = ""Women"")"
"0","utsdom"
