"0",""
"0","df[11:91] <- apply(df[11:91], 2, yn)"
"2","The following `from` values were not present in `x`: Yes
"
"2","The following `from` values were not present in `x`: Yes
"
"2","The following `from` values were not present in `x`: Yes
"
"2","The following `from` values were not present in `x`: Yes
"
"2","The following `from` values were not present in `x`: Yes
"
"0","df[,20:91][is.na(df[,20:91])] <- 0 "
"0",""
"0","df$dirdisc <- df$utjobwho_Yourself + df$utpolicewho_Yourself + df$utcourtswho_Yourself +"
"0","  df$utschoolwho_Yourself + df$uthousewho_Yourself + df$utbankwho_Yourself + df$uthealthwho_Yourself +"
"0","  df$utservwho_Yourself + df$utinlawswho_Yourself"
"0",""
"0",""
"0","df$ddirdisc <- ifelse(df$dirdisc > 0,1,0)"
"0",""
