"0",""
"0","df <- df %>%"
"0","  mutate(utojob = case_when("
"0","    utjobwho_Your_spouse | "
"0","      utjobwho_Your_parents |"
"0","      utjobwho_Your_child |"
"0","      utjobwho_Your_sibling |"
"0","      utjobwho_Your_grandchild |"
"0","      utjobwho_Other_relative |"
"0","      utjobwho_Close_friend == 1 ~ 1,"
"0","    TRUE ~ 0))"
"0",""
"0","df <- df %>%"
"0","  mutate(utopolice = case_when("
"0","    utpolicewho_Your_spouse | "
"0","      utpolicewho_Your_parents |"
"0","      utpolicewho_Your_child |"
"0","      utpolicewho_Your_sibling |"
"0","      utpolicewho_Your_grandchild |"
"0","      utpolicewho_Other_relative |"
"0","      utpolicewho_Close_friend == 1 ~ 1,"
"0","    TRUE ~ 0))"
"0",""
"0","df <- df %>%"
"0","  mutate(utocourts = case_when("
"0","    utcourtswho_Your_spouse | "
"0","      utcourtswho_Your_parents |"
"0","      utcourtswho_Your_child |"
"0","      utcourtswho_Your_sibling |"
"0","      utcourtswho_Your_grandchild |"
"0","      utcourtswho_Other_relative |"
"0","      utcourtswho_Close_friend == 1 ~ 1,"
"0","    TRUE ~ 0))"
"0",""
"0","df <- df %>%"
"0","  mutate(utoschool = case_when("
"0","    utschoolwho_Your_spouse | "
"0","      utschoolwho_Your_parents |"
"0","      utschoolwho_Your_child |"
"0","      utschoolwho_Your_sibling |"
"0","      utschoolwho_Your_grandchild |"
"0","      utschoolwho_Other_relative |"
"0","      utschoolwho_Close_friend == 1 ~ 1,"
"0","    TRUE ~ 0))"
"0",""
"0","df <- df %>%"
"0","  mutate(utohouse = case_when("
"0","    uthousewho_Your_spouse | "
"0","      uthousewho_Your_parents |"
"0","      uthousewho_Your_child |"
"0","      uthousewho_Your_sibling |"
"0","      uthousewho_Your_grandchild |"
"0","      uthousewho_Other_relative |"
"0","      uthousewho_Close_friend == 1 ~ 1,"
"0","    TRUE ~ 0))"
"0",""
"0","df <- df %>%"
"0","  mutate(utobank = case_when("
"0","    utbankwho_Your_spouse | "
"0","      utbankwho_Your_parents |"
"0","      utbankwho_Your_child |"
"0","      utbankwho_Your_sibling |"
"0","      utbankwho_Your_grandchild |"
"0","      utbankwho_Other_relative |"
"0","      utbankwho_Close_friend == 1 ~ 1,"
"0","    TRUE ~ 0))"
"0",""
"0","df <- df %>%"
"0","  mutate(utohealth = case_when("
"0","    uthealthwho_Your_spouse | "
"0","      uthealthwho_Your_parents |"
"0","      uthealthwho_Your_child |"
"0","      uthealthwho_Your_sibling |"
"0","      uthealthwho_Your_grandchild |"
"0","      uthealthwho_Other_relative |"
"0","      uthealthwho_Close_friend == 1 ~ 1,"
"0","    TRUE ~ 0))"
"0",""
"0","df <- df %>%"
"0","  mutate(utoservice = case_when("
"0","    utservwho_Your_spouse | "
"0","      utservwho_Your_parents |"
"0","      utservwho_Your_child |"
"0","      utservwho_Your_sibling |"
"0","      utservwho_Your_grandchild |"
"0","      utservwho_Other_relative |"
"0","      utservwho_Close_friend == 1 ~ 1,"
"0","    TRUE ~ 0))"
"0",""
"0","df <- df %>%"
"0","  mutate(utoinlaws = case_when("
"0","    utinlawswho_Your_spouse | "
"0","      utinlawswho_Your_parents |"
"0","      utinlawswho_Your_child |"
"0","      utinlawswho_Your_sibling |"
"0","      utinlawswho_Your_grandchild |"
"0","      utinlawswho_Other_relative |"
"0","      utinlawswho_Close_friend == 1 ~ 1,"
"0","    TRUE ~ 0))"
"0",""
"0",""
"0","  "
"0","df$virdisc <- df$utojob + df$utopolice + df$utocourts + df$utoschool +"
"0","  df$utohouse + df$utohealth + df$utobank + df$utoservice + df$utoinlaws"
"0",""
"0","# dichotomous"
"0",""
"0","df$dvirdisc <- ifelse(df$virdisc > 0,1,0)"
"0",""
"0",""
