"0","# Johnson-Neyman interval is"
"0","# When edsmean is OUTSIDE the interval [0.36, 1.52], the slope of edyears has p < 0.05."
"0",""
"0","int1 <- interact_plot(model3, pred = edsmean, modx = edyears, modx.values = ""terciles"","
"0","                                  plot.points = T, partial.residuals = F,"
"0","                                  robust = ""HC3"", facet.modx = F, colors = ""purple"", interval = F,"
"0","                                  line.thickness = 1.25, outcome.scale = ""response"","
"0","                     linearity.check = TRUE, main.title = ""Everyday Discrimination by Education interaction, response scale"")"
"2","Using data df from global environment. This could cause incorrect results if df has been altered since
the model was fit. You can manually provide the data to the ""data ="" argument."
"2","Medians of each tercile of edyears are 12, 13.5, 16"
"0","int1 + geom_vline(xintercept=c(0.30,1.54))"
