"0",""
"0","library(kableExtra)"
"0",""
"0","# df$predicted_vicarious_disc <- exp(predict(model3))"
"0",""
"0","df %>% "
"0","  mutate(age_group = case_when("
"0","    age < 30 ~ ""Less than 30"","
"0","    age >= 30 & age < 40 ~ ""30-40"","
"0","    age >=40 & age < 50 ~ ""40-50"","
"0","    age >= 50 & age < 60 ~ ""50-60"","
"0","    age >= 60 ~ ""Greater than 60"")) %>% "
"0","  mutate(age_group = factor(age_group, ordered = TRUE,"
"0","                            levels = c(""Less than 30"","
"0","                                       ""30-40"","
"0","                                       ""40-50"","
"0","                                       ""50-60"","
"0","                                       ""Greater than 60""))) %>% "
"0","  group_by(age_group) %>% "
"0","  dplyr::summarize(average_age = mean(age),"
"0","            n = n(),"
"0","            mean_raw_vicarious_disc = mean(virdisc),"
"0","            # mean_predicted_vicarious_disc = mean(predicted_vicarious_disc),"
"0","            sd_vicarious_disc = sd(virdisc)) %>% "
"0","            # sd_predicted_vicarious_disc = sd(predicted_vicarious_disc)) "
"0","            # min_vicarious_disc = min(virdisc),"
"0","            # max_vicarious_disc = max(virdisc)) %>% "
"0","  mutate(across(where(is.numeric), round, 2)) %>% "
"0","  kbl(align = ""c"") %>%"
"0","  kable_paper(bootstrap_options = ""striped"", full_width = F)"
