{"working_dir":null,"default_chunk_options":{"echo":true},"chunk_definitions":[{"row":17,"row_count":1,"visible":true,"expansion_state":0,"options":{"engine":"r","label":"setup","include":false},"document_id":"7B0A0489","chunk_id":"csetup_chunk","chunk_label":"setup"},{"row":46,"row_count":1,"visible":true,"expansion_state":0,"options":{"engine":"r","label":"load all libraries","warning":false,"message":false},"document_id":"7B0A0489","chunk_id":"cjjn08w8n6w0g","chunk_label":"load all libraries"}],"doc_write_time":1683981218}