"0",""
"0","dfm$utojobother <- dfm$utjobwho_Your_spouse + dfm$utjobwho_Your_parents +"
"0","  dfm$utjobwho_Your_child + dfm$utjobwho_Your_sibling + dfm$utjobwho_Your_grandchild +"
"0","  dfm$utjobwho_Other_relative + dfm$utjobwho_Close_friend"
"0",""
"0","dfm$utopoliceother <- dfm$utpolicewho_Your_spouse + dfm$utpolicewho_Your_parents +"
"0","  dfm$utpolicewho_Your_child + dfm$utpolicewho_Your_sibling + dfm$utpolicewho_Your_grandchild +"
"0","  dfm$utpolicewho_Other_relative + dfm$utpolicewho_Close_friend"
"0",""
"0","dfm$utocourtsother <- dfm$utcourtswho_Your_spouse + dfm$utcourtswho_Your_parents +"
"0","  dfm$utcourtswho_Your_child + dfm$utcourtswho_Your_sibling + dfm$utcourtswho_Your_grandchild +"
"0","  dfm$utcourtswho_Other_relative + dfm$utcourtswho_Close_friend"
"0",""
"0","dfm$utoschoolother <- dfm$utschoolwho_Your_spouse + dfm$utschoolwho_Your_parents +"
"0","  dfm$utschoolwho_Your_child + dfm$utschoolwho_Your_sibling + dfm$utschoolwho_Your_grandchild +"
"0","  dfm$utschoolwho_Other_relative + dfm$utschoolwho_Close_friend"
"0",""
"0","dfm$utohouseother <- dfm$uthousewho_Your_spouse + dfm$uthousewho_Your_parents +"
"0","  dfm$uthousewho_Your_child + dfm$uthousewho_Your_sibling + dfm$uthousewho_Your_grandchild +"
"0","  dfm$uthousewho_Other_relative + dfm$uthousewho_Close_friend"
"0",""
"0","dfm$utobankother <- dfm$utbankwho_Your_spouse + dfm$utbankwho_Your_parents +"
"0","  dfm$utbankwho_Your_child + dfm$utbankwho_Your_sibling + dfm$utbankwho_Your_grandchild +"
"0","  dfm$utbankwho_Other_relative + dfm$utbankwho_Close_friend"
"0",""
"0","dfm$utohealthother <- dfm$uthealthwho_Your_spouse + dfm$uthealthwho_Your_parents +"
"0","  dfm$uthealthwho_Your_child + dfm$uthealthwho_Your_sibling + dfm$uthealthwho_Your_grandchild +"
"0","  dfm$uthealthwho_Other_relative + dfm$uthealthwho_Close_friend"
"0",""
"0","dfm$utoservother <- dfm$utservwho_Your_spouse + dfm$utservwho_Your_parents +"
"0","  dfm$utservwho_Your_child + dfm$utservwho_Your_sibling + dfm$utservwho_Your_grandchild +"
"0","  dfm$utservwho_Other_relative + dfm$utservwho_Close_friend"
"0",""
"0","dfm$utoinlawsother <- dfm$utinlawswho_Your_spouse + dfm$utinlawswho_Your_parents +"
"0","  dfm$utinlawswho_Your_child + dfm$utinlawswho_Your_sibling + dfm$utinlawswho_Your_grandchild +"
"0","  dfm$utinlawswho_Other_relative + dfm$utinlawswho_Close_friend"
"0",""
"0",""
"0","m.utodf <- cbind.data.frame(dfm$utojobother,dfm$utopoliceother,dfm$utocourtsother,dfm$utoschoolother,dfm$utohouseother,dfm$utobankother,dfm$utohealthother,dfm$utoservother,dfm$utoinlawsother)"
"0",""
"0",""
"0","colnames(m.utodf) <- c(""Job"", ""Police"", ""Courts"", ""School"", ""Housing"", ""Banking"", ""Health Care"", ""Service"", ""In-laws"")"
"0","m.utodf2sums <- data.frame(value=apply(m.utodf, 2, sum))"
"0","m.utodf2sums$key <- rownames(m.utodf2sums)"
"0","m.utodf2sums"
