"0",""
"0",""
"0",""
"0","# Vicarious Experiences of Major Discrimination"
"0",""
"0","sdomsm <- m.utodf2sums"
"0","sdomsm$gender <- c(rep(""Men"",9))"
"0",""
"0",""
"0","sdomsw <- f.utodf2sums"
"0","sdomsw$gender <- c(rep(""Women"",9))"
"0",""
"0","sdoms <- rbind(sdomsm, sdomsw)"
"0","sdoms$gender <- as.factor(sdoms$gender)"
"0","sdoms$gender <- relevel(sdoms$gender, ref = ""Women"")"
"0",""
"0","######################################"
"0","# Make the slope graphs using the "
"0","# p values calculated"
"0","######################################"
"0",""
"0","# First change character labels for School & Inlaws"
"0","sdoms$key[c(4,9,13,18)] <- c(""*School"", ""*In-laws"", ""*School"", ""*In-laws"")"
"0","sdoms"
