"0",""
"0",""
"0","cpalette <- brewer.pal(n = 9,name = ""Set1"") #Select a color palette from RColorBrewer"
"0","cpalette2 <- c(cpalette,cpalette)"
"0",""
"0","vsgraph <- ggplot(data = sdoms, aes(x = gender, y = per, group = key)) +"
"0","  geom_line(aes(color = cpalette2), size = 2) +"
"0","  geom_point(aes(color = cpalette2), size = 4) +"
"0","  geom_text_repel(data = sdoms %>% filter(gender == ""Women""), "
"0","                  aes(label = paste0(key, "" - "", per, ""%"")) , "
"0","                  hjust = 1.35, "
"0","                  fontface = ""bold"", "
"0","                  size = 4,"
"0","                  nudge_x = -.45,"
"0","                  direction = ""y"") +"
"0","  geom_text_repel(data = sdoms %>% filter(gender == ""Men""), "
"0","                  aes(label = paste0(key, "" - "", per, ""%"")) , "
"0","                  hjust = -.35, "
"0","                  fontface = ""bold"", "
"0","                  size = 4,"
"0","                  nudge_x = 0.5,"
"0","                  direction = ""y"") +"
"0","  theme_bw() +"
"0","  labs(y = ""% of Positive Responses"","
"0","       x = ""Sex"") +"
"0","  scale_x_discrete(position = ""top"") +"
"0","  scale_y_continuous(breaks = seq(0,32,2), limits = c(0,33)) +  "
"0","  ggtitle(""Vicarious Discrimination"") +"
"0","  theme(plot.title = element_text(hjust = 0.5)) +"
"0","  theme(panel.border     = element_blank()) +"
"0","  theme(legend.position = ""none"") +"
"0","  theme(axis.title.y     = element_blank()) +"
"0","  theme(axis.text.y      = element_blank()) +"
"0","  theme(panel.grid.major.y = element_blank()) +"
"0","  theme(panel.grid.minor.y = element_blank()) +"
"0","  # Remove a few things from the x axis and increase font size"
"0","  theme(axis.title.x     = element_blank()) +"
"0","  theme(panel.grid.major.x = element_blank()) +"
"0","  theme(axis.text.x.top      = element_text(size=12)) +"
"0","  # Remove x & y tick marks"
"0","  theme(axis.ticks       = element_blank()) +"
"0","  geom_signif(comparisons = list(c(""Women"", ""Men"")), "
"0","              map_signif_level=TRUE, tip_length = 0.025,"
"0","              textsize = 6, annotations = c(""p = 0.02""),"
"0","              y_position = c(24))"
"0","vsgraph"
