"0",""
"0","# Resample wilcoxon rank sum test to "
"0","# test for gender differences in direct discrimination"
"0",""
"0","# get W-statistic for our empirical result."
"0","obst.dirdisc <- as.numeric(wilcox.test(df$dirdisc~df$Gender,paired=FALSE)[1]) "
"0","rst.dirdisc<-NULL # resample the W-statistic"
"0","set.seed(1)"
"0","for(i in 1:10000){"
"0","  draw <- sample(df$dirdisc,178,replace=FALSE) # 178 total participants"
"0","  dum1 <- draw[1:58] # 58 males"
"0","  dum2 <- draw[59:178] # 120 females"
"0","  rst.dirdisc[i] <- as.numeric(wilcox.test(dum1,dum2,paired=FALSE)[1])"
"0","}"
"0",""
"0","count.dirdisc<-rst.dirdisc[rst.dirdisc<=obst.dirdisc]"
"0","prob.dirdisc<-length(count.dirdisc)/length(rst.dirdisc)"
"0","cat(""the 2-tailed probability that the distributions do not differ is "",prob.dirdisc*2,""\n"") # p value is 0.0016"
"1","the 2-tailed probability that the distributions do not differ is "
"1"," "
"1","0.0016"
"1"," "
"1","
"
"0","# Resample wilcoxon rank sum test to "
"0","# test for gender differences in vicarious discrimination"
"0",""
"0","# get W-statistic for our empirical result."
"0","obst.virdisc <- as.numeric(wilcox.test(df$virdisc~df$Gender,paired=FALSE)[1]) "
"0","rst.virdisc<-NULL # resample the W-statistic"
"0","set.seed(1)"
"0","for(i in 1:10000){"
"0","  draw <- sample(df$virdisc,178,replace=FALSE) # 178 total participants"
"0","  dum1 <- draw[1:58] # 58 males"
"0","  dum2 <- draw[59:178] # 120 females"
"0","  rst.virdisc[i] <- as.numeric(wilcox.test(dum1,dum2,paired=FALSE)[1])"
"0","}"
"0",""
"0","count.virdisc<-rst.virdisc[rst.virdisc<=obst.virdisc]"
"0","prob.virdisc<-length(count.virdisc)/length(rst.virdisc)"
"0","cat(""the 2-tailed probability that the distributions do not differ is "",prob.virdisc*2,""\n"") # p value is 0.0124"
"1","the 2-tailed probability that the distributions do not differ is "
"1"," "
"1","0.0124"
"1"," "
"1","
"
